category,question,answer
pregnancy,Apa itu? Apa yang saya perlu tahu tentang Persiapan untuk Kehamilan jika saya memiliki Diabetes?,"Jika Anda memiliki diabetes, * waktu terbaik untuk mengontrol glukosa darah Anda, juga disebut gula darah, adalah sebelum Anda hamil. Tingkat glukosa darah tinggi dapat membahayakan bayi Anda selama minggu pertama kehamilan sebelum Anda tahu Anda hamil. Target glukosa darah berbeda bagi wanita yang mencoba untuk hamil."
cancer,Apa perawatan untuk kanker warna?,"Ada beberapa pilihan pengobatan untuk kanker warna, meskipun sebagian besar pengobatan dimulai dengan bedah dari polip kanker atau bagian dari usus besar. Pilihan perawatan tergantung pada usia Anda dan kesehatan umum, tahap kanker, apakah itu telah menyebar di luar usus besar, dan faktor-faktor lainnya. Jika tes menunjukkan bahwa Anda memiliki kanker, Anda harus berbicara dengan dokter Anda dan membuat keputusan perawatan sesegera mungkin."
anemia,Apa perubahan genetik yang berhubungan dengan anemia Diamond- Blackfan?,"Diamond- Blackfan anemia dapat disebabkan oleh mutasi di RPL5, RPL35A, RPS7, RPS10, RPS17, RPS19, RPS24, dan RPS26 gen. Gen-gen ini menyediakan instruksi untuk membuat beberapa dari sekitar 80 berbeda ribosom protein, yang merupakan komponen struktur seluler yang disebut ribosom. Ribosom memproses instruksi genetik sel untuk membuat protein."
diabetes,Apa perawatan untuk diabetes rapuh?,"Bagaimana mungkin diabetes rapuh diperlakukan? Pendekatan ke manajemen tergantung pada penyebab dasar. Strategi umum termasuk diabetes edukasi, sering memantau glukosa darah, penggunaan pompa insulin subkutan terus menerus dalam hubungannya dengan perangkat pemantauan glukosa terus menerus, dan, dalam kasus langka, transplantasi pankreas."
cancer,Berapa banyak orang yang terkena kanker prostat?,"Sekitar 1 dari 7 orang akan didiagnosis kanker prostat pada suatu waktu selama hidup mereka. Selain itu, penelitian menunjukkan bahwa banyak pria tua memiliki kanker prostat yang tidak didiagnosis yang tidak agresif dan tidak mungkin menyebabkan gejala atau mempengaruhi umur mereka. Sementara kebanyakan pria yang didiagnosis menderita kanker prostat tidak mati karenanya, kanker umum ini masih menjadi penyebab kedua kematian kanker di antara pria di Amerika Serikat."
lupus,Apa pengobatan untuk lupus sistemik erythematosus?,Sumber daya ini mengatasi diagnosis atau manajemen sistemik erythematosus: Sumber daya dari MedlinePlus menawarkan informasi tentang diagnosis dan manajemen dari berbagai kondisi kesehatan: - Tes Diagnostik - Terapi Obat - Operasi dan Rehabilitasi - Genetik Konseling - Perawatan Palliative
lupus,Apa yang harus dilakukan untuk Lupus Nephritis?,"Makan, diet, dan nutrisi belum ditampilkan untuk memainkan peran dalam menyebabkan atau mencegah nefritis lupus. Orang dengan penyakit ginjal yang berkembang mungkin perlu berbicara dengan penyedia layanan kesehatan tentang perubahan yang mungkin perlu mereka buat untuk diet mereka. Orang-orang dengan neurritis lupus dan tekanan darah tinggi dapat manfaat dari mengurangi asupan natrium, sering dari garam."
kidney,Bagaimana mendiagnosa Dibetic Ginjal Disen?,"Penyedia layanan kesehatan mendiagnosa penyakit ginjal diabetes berdasarkan

- Sebuah riwayat medis dan keluarga - ujian fisik - tes urin - tes darah

Riwayat Medis dan Keluarga

Mengambil sejarah medis dan keluarga adalah salah satu hal pertama yang penyedia layanan kesehatan dapat lakukan untuk membantu mendiagnosa penyakit ginjal diabetes. Dia atau dia akan bertanya tentang gejala dan pasien diabetes sejarah.

Ujian Fisik

Setelah mengambil riwayat medis dan keluarga, penyedia layanan kesehatan akan melakukan pemeriksaan fisik. Selama ujian fisik, penyedia layanan kesehatan biasanya

- Memeriksa tubuh pasien untuk memeriksa perubahan warna kulit - menyentuh daerah tertentu tubuh pasien, memeriksa pembengkakan kaki, pergelangan kaki, atau kaki bawah

Tes Urin

Tes disiplin untuk albumin."
kidney,Bagaimana cara mencegah Penyakit Diabetik Ginjal?,"Orang bisa mencegah atau memperlambat perkembangan penyakit ginjal diabetes oleh

- mengambil obat untuk mengendalikan tekanan darah tinggi - mengelola kadar glukosa darah - membuat perubahan dalam makan, diet, dan gizi - menurunkan berat badan jika kelebihan berat badan atau obesitas - mendapatkan aktivitas fisik reguler

Orang dengan diabetes harus melihat penyedia layanan kesehatan yang akan membantu mereka belajar untuk mengelola diabetes mereka dan memonitor kontrol diabetes mereka. Kebanyakan orang dengan diabetes mendapatkan perawatan dari penyedia perawatan primer, termasuk internis, praktek keluarga dokter, atau dokter anak. Namun, memiliki tim penyedia layanan kesehatan sering dapat meningkatkan perawatan diabetes."
kidney,Bagaimana mendiagnosa Mineral and Bone Disorder dalam Cronic Ginney Disease?,"Penyedia layanan kesehatan mendiagnosa gangguan mineral dan tulang di CSD dengan

- Sebuah keluarga dan sejarah medis - ujian fisik - tes darah - biopsi tulang - sebuah x-ray

Sejarah Keluarga dan Medis

Mengambil sejarah medis dan keluarga adalah salah satu hal pertama yang penyedia layanan kesehatan mungkin lakukan untuk membantu mendiagnosa mineral dan gangguan tulang di CSD. Dia atau dia akan menanyakan pasien atau pertanyaan tentang kapan pasien pertama kali didiagnosis dengan CSD dan apakah setiap anggota keluarga juga memiliki gangguan mineral dan tulang dengan atau tanpa CSD.

Ujian Fisik

Tes fisik dapat membantu mendiagnosa gangguan mineral dan tulang di CSD. Selama ujian fisik, penyedia layanan kesehatan biasanya memeriksa tubuh pasien untuk perubahan struktur tulang.

Tes Darah

Tes darah melibatkan penggambar darah di kantor penyedia kesehatan atau fasilitas komersial dan mengirim sampel ke laboratorium untuk dianalisis."
hepatitis,Apa yang harus dilakukan untuk Viral Hepatitis:,"- Virus hepatitis adalah peradangan hati disebabkan oleh hepatitis A, B, C, D, atau E virus. - Tergantung jenis virus, hepatitis virus disebarkan melalui makanan atau air yang terkontaminasi, kontak dengan darah yang terinfeksi, kontak seksual dengan orang yang terinfeksi, atau dari ibu ke anak selama melahirkan. - Vaksin menawarkan perlindungan dari hepatitis A dan hepatitis B."
cancer,Apa gejala kanker prostat Familial?,"Apa tanda-tanda dan gejala kanker prostat Familial? Ontologi Phenotype Manusia menyediakan daftar tanda-tanda dan gejala-gejala berikut untuk kanker prostat Familial. Jika informasi tersedia, tabel di bawah ini termasuk seberapa sering gejala terlihat pada orang dengan kondisi seperti ini."
arthritis,Apa itu Arthritis?,"Jika Anda merasa sakit dan kaku dalam tubuh Anda atau mengalami kesulitan bergerak, Anda mungkin memiliki radang sendi. Kebanyakan jenis arthritis menyebabkan rasa sakit dan pembengkakan di sendi Anda. Joints adalah tempat di mana dua tulang bertemu, seperti siku atau lutut."
diarrhea,Apa perawatan untuk Chronic Diare di Anak-anak?,"Perawatan untuk diare kronis akan tergantung pada penyebabnya. Beberapa penyebab umum diare kronis diperlakukan sebagai berikut:

- Infeksi. Jika seorang anak memiliki masalah yang berkepanjangan mencerna karbohidrat tertentu atau protein setelah infeksi akut, penyedia layanan kesehatan dapat merekomendasikan perubahan dalam diet."
cancer,Apakah kanker sel leiomyomatosis dan ginjal diwariskan?,"Bagaimana bisa leiomyomatosis turun temurun dan kanker ginjal diwariskan? Leiomyomatosis dan kanker sel ginjal (HLRCC) diwariskan dalam pola dominan automal, yang berarti memiliki satu salinan gen yang bermutasi di setiap sel cukup menyebabkan gejala kondisi. Dalam beberapa kasus, orang yang terpengaruh mewarisi salinan gen yang bermutasi dari orang tua yang terpengaruh."
cholesterol,Apa perubahan genetik yang berhubungan dengan hyperkolesterolemia?,"Mutasi di APOB, LDLR, LDLRAP1, dan gen PCSK9 menyebabkan hyperkolesterolemia. Tingkat kolesterol darah tinggi biasanya dihasilkan dari kombinasi faktor risiko genetik dan lingkungan. Pilihan gaya hidup termasuk diet, olahraga, dan merokok sangat mempengaruhi jumlah kolesterol dalam darah."
diabetes,Apa perawatan untuk Diabetes?,"Diabit tidak dapat disembuhkan, tetapi dapat dikelola. Mengelola glukosa darah (gula darah) serta tekanan darah dan kolesterol adalah pertahanan terbaik terhadap komplikasi serius diabetes. Know What To Do Every Day Untuk mengelola diabetes Anda, inilah hal-hal yang harus dilakukan setiap hari."
kidney,Apa gejala dari Penyakit Ginjal?,"Penyakit Ginjal Penyakit ginjal sering disebut ""diam"" karena kebanyakan orang tidak memiliki gejala penyakit ginjal dini. Bahkan, Anda mungkin merasa baik-baik saja sampai ginjal Anda hampir berhenti bekerja. Jangan menunggu gejala!"
cancer,Apa yang dilakukan penelitian untuk Oral Cavaly dan Oropharyngeal Cancer?,"Percobaan klinis pencegahan kanker digunakan untuk mempelajari cara untuk mencegah kanker.
Percobaan klinis pencegahan kanker digunakan untuk mempelajari cara untuk menurunkan risiko kanker tertentu. Beberapa percobaan pencegahan kanker dilakukan dengan orang-orang sehat yang belum menderita kanker tapi yang memiliki peningkatan risiko kanker. Percobaan pencegahan lainnya dilakukan dengan orang-orang yang menderita kanker dan mencoba mencegah kanker lain dari jenis yang sama atau untuk menurunkan kesempatan mereka untuk mengembangkan jenis kanker baru."
cancer,Apa itu Kanker Kelenjar Adrenal?,"Adrenalinmu, atau suprarenal, kelenjar terletak di atas setiap ginjal. Kelenjar ini menghasilkan hormon yang tidak dapat hidup tanpa Anda, termasuk hormon seks dan kortisol, yang membantu Anda menanggapi stres dan memiliki fungsi lainnya. Sejumlah gangguan dapat mempengaruhi kelenjar adrenal, termasuk tumor."
cancer,Apa gejala dari Kanker Hati Anak?,Tanda-tanda dan gejala kanker hati masa kecil termasuk benjolan atau rasa sakit di perut. Tanda dan gejala lebih umum setelah tumor menjadi besar. Kondisi lain dapat menyebabkan tanda dan gejala yang sama.
cancer,Apa tahap Kanker Payudara?,"Titik Kunci
- Setelah kanker payudara telah didiagnosis, tes dilakukan untuk mengetahui apakah sel kanker telah menyebar dalam payudara atau ke bagian lain dari tubuh. - Ada tiga cara kanker menyebar dalam tubuh. - Kanker dapat menyebar dari mana mulai ke bagian lain dari tubuh."
diabetes,"Apa gejala Maturity- yang muncul diabetes muda, tipe 6?","Apa tanda-tanda dan gejala Maturity- on set diabetes yang muda, tipe 6? The Human Phenotype Ontology menyediakan daftar tanda-tanda dan gejala-gejala Maturity- yang muncul diabetes kaum muda, tipe 6. Jika informasi tersedia, tabel di bawah ini termasuk seberapa sering gejala terlihat pada orang dengan kondisi seperti ini."
reflux,Bagaimana mendiagnosa Vesicoureteral Reflux?,"Tes yang paling umum digunakan untuk mendiagnosa VUR termasuk

- Voiding cystourethrogram (VCUG). VCUG adalah gambar x-ray dari kandung kemih dan urethra diambil selama urin, juga disebut voiding. Kandung kemih dan uretra diisi dengan pewarna khusus, disebut medium kontras, untuk membuat urethra jelas terlihat."
cancer,Penelitian apa yang dilakukan untuk Kanker Payudara?,"New Technologies Beberapa teknologi baru menawarkan harapan untuk membuat pengobatan masa depan lebih mudah bagi wanita dengan kanker payudara. - Menggunakan alat khusus, dokter hari ini dapat memasukkan kamera miniatur melalui puting dan ke dalam saluran susu di payudara untuk memeriksa daerah kanker. Menggunakan alat khusus, dokter hari ini dapat memasukkan kamera miniatur melalui puting dan menjadi saluran susu di payudara untuk memeriksa daerah kanker."
anemia,Apakah anemia sideroblastik terkait X- dan ataxia diwariskan?,"Kondisi ini diwariskan dalam pola resesif X-linked. Gen yang terkait dengan kondisi ini terletak pada kromosom X, yang merupakan salah satu dari dua kromosom seks. Dalam laki-laki (yang hanya memiliki satu X kromosom), satu salinan perubahan gen di setiap sel cukup untuk menyebabkan kondisi."
thyroid,Apa perawatan untuk hipotiroidism bawaan?,"Sumber daya ini mengatasi diagnosis atau pengelolaan hypotiroidism: - Tes Pertama Bayi - Rezim Percobaan Genetik: Kongenital hipotiroidism - Rezim Pengujian Genetik: Hypotyroidism, bawaan, nongoitro, 1 - MedlinePlus Encyclopedia: Kongenital Hypothyroidism Sumber daya dari MedlinePlus menawarkan informasi tentang diagnosis dan manajemen dari berbagai kondisi kesehatan: - Tes Diagnostik - Terapi Obat - Operasi dan Rehabilitasi - Genetik Konseling - Perawatan Palliative"
cancer,Apa perubahan genetik yang berhubungan dengan kanker ovarium?,"Kanker terjadi ketika penumpukan mutasi dalam genesthose kritis yang mengontrol pertumbuhan sel dan pembagian atau memperbaiki sel-sel DNAallow yang rusak untuk tumbuh dan dapat dibagi untuk membentuk tumor. Kebanyakan kasus kanker ovarium adalah sporadis; dalam kasus ini perubahan genetik yang terkait diperoleh selama hidup seseorang dan hanya hadir dalam sel tertentu di ovarium. Perubahan ini, yang disebut mutasi somatik, tidak diwariskan."
reflux,Siapa yang beresiko untuk Vesicoureteral Reflux?,"Refluks vesiureteral lebih umum pada bayi dan anak-anak muda, tapi anak-anak yang lebih tua dan bahkan orang dewasa dapat terpengaruh. Sekitar 10 persen anak-anak memiliki penelitian VUR.1 memperkirakan VUR terjadi sekitar 32 persen dari saudara kandung dari anak yang terkena dampak. Tingkat ini mungkin sama rendahnya dengan 7 persen pada saudara laki-laki yang lebih tua dan setinggi 100 persen pada kembar identik."
fever,Apa perawatan untuk Demam Rheumatik?,"Bagaimana demam rematik bisa diobati? Pengobatan demam rematik biasanya terdiri dari antibiotik untuk mengobati kelompok yang mendasari Sebuah Streptococcus infeksi bakteri dan anti- obat inflamasi seperti aspirin atau kortikosteroid. Karena orang-orang dengan sejarah demam rematik memiliki risiko tinggi mengembangkan episode berulang kondisi, antibiotik dosis rendah sering dilanjutkan dalam jangka waktu yang lama untuk mencegah rekursi."
cancer,Apa itu Urethral Cancer?,"Titik Kunci
- Kanker Urethral adalah penyakit di mana sel-sel ganas (kanker) terbentuk dalam jaringan uretra. Ada berbagai jenis kanker urethral yang dimulai pada sel yang garis urethra. - Sebuah sejarah kanker kandung kemih dapat mempengaruhi risiko kanker urethral."
diabetes,"Apa penyebab Diabetic Neuropathies: ""The Nerve Damage of Diabetes""?","Penyebab mungkin berbeda untuk berbagai jenis neuropati diabetes. Para peneliti mempelajari seberapa lama paparan terhadap glukosa darah tinggi menyebabkan kerusakan saraf. Kerusakan saraf kemungkinan disebabkan oleh kombinasi faktor:

Faktor metabolik, seperti glukosa darah tinggi, durasi panjang diabetes, kadar lemak darah tidak normal, dan kemungkinan tingkat insulin yang rendah - faktor neurovaskular, menyebabkan kerusakan pembuluh darah yang membawa oksigen dan nutrisi - faktor autoimun yang menyebabkan peradangan pada saraf - cedera mekanis pada saraf, seperti sindrom terowongan carpal - mewarisi sifat yang rentan terhadap penyakit saraf - gaya hidup, seperti merokok atau alkohol menggunakan"
stroke,Apa pandangan untuk Stroke?,"Meskipun stroke adalah penyakit otak, dapat mempengaruhi seluruh tubuh. Kecacatan yang dihasilkan dari stroke adalah kelumpuhan total di salah satu sisi tubuh, yang disebut hemiplegia. Sebuah kecacatan terkait yang tidak melemahkan sebagai kelumpuhan adalah satu sisi kelemahan atau hemiparesis."
fever,Apa perawatan untuk Lujo Hebrearagic Fever (LUHF)?,"Terapi supportif penting dalam demam berdarah Lujo. Termasuk:

- pemeliharaan hydration
- manajemen shock
- Sedasi
- sakit lega
- Tindakan pencegahan yang biasa untuk pasien dengan gangguan pendarahan
- transfusi (bila diperlukan)


Pengobatan demam berdarah arenavirus dengan terapi plasma convalescent mengurangi kematian secara signifikan dan bukti anektodal dari satu-satunya pasien Lujo yang masih hidup menunjukkan bahwa obat antivirus Ribavirin dapat memegang janji dalam pengobatan LUHF. Ribavirin telah dipertimbangkan untuk mencegah perkembangan penyakit pada orang yang terkena arenavirus lainnya."
psoriasis,Apa itu Psoriasis Pustular?,"Pustular psoriasis adalah bentuk langka psoriasis yang ditandai oleh suluran luas dan kulit kemerahan. Kondisi ini dapat terjadi sendiri atau dengan plaque- jenis psoriasis. Kebanyakan kasus psoriasis pustular dianggap sebagai ""multifaktorial"" atau terkait dengan efek beberapa gen dalam kombinasi dengan faktor gaya hidup dan lingkungan."
thyroid,Apa perawatan untuk Hyperthyroidism?,"Penyedia perawatan kesehatan mengobati hyperthyroidism dengan obat, terapi radioiodine, atau operasi tiroid. Tujuan dari pengobatan adalah untuk membawa tingkat hormon tiroid ke keadaan normal, sehingga mencegah komplikasi jangka panjang, dan untuk menghilangkan gejala tidak nyaman. Tidak ada satu pengobatan pun bekerja untuk semua orang.

Pengobatan tergantung pada penyebab hyperthyroidism dan seberapa parah itu."
anemia,Apa itu anemia hemolitik antibodi hangat?,"Hangat anemia hemolitik antibodi adalah bentuk yang paling umum dari anemia hemolitik autoimun. Hal ini didefinisikan oleh kehadiran otoantibodi yang melekat dan menghancurkan sel darah merah pada suhu sama dengan atau lebih besar dari suhu tubuh normal. Penyakit ini ditandai dengan gejala yang berhubungan dengan anemia, termasuk kelelahan, kesulitan bernapas, kuning dan air kencing gelap."
arthritis,Apa itu Psoriatic Arthritis?,"Psoriasis adalah penyakit kulit yang menyebabkan gatal atau luka patch tebal, kulit merah dengan sisik perak. Biasanya siku, lutut, kulit kepala, belakang, wajah, telapak tangan dan kaki, tapi mereka bisa muncul di bagian lain tubuhmu. Beberapa orang dengan psoriasis memiliki psoriatic arthritis."
hepatitis,Apa gejala yang harus kuketahui tentang Hepatitis A?,"Kebanyakan orang tidak memiliki gejala hepatitis A. Jika gejala hepatitis A terjadi, mereka termasuk

- merasa lelah - sakit otot - perut marah - demam - kehilangan nafsu makan - nyeri perut - diare - urin kuning - lampu berwarna bangku - kuning mata dan kulit, yang disebut kuning

Gejala hepatitis A bisa terjadi 2 sampai 7 minggu setelah terkena virus. Anak-anak lebih muda dari usia 6 tahun mungkin tidak memiliki gejala."
pregnancy,Apakah (adalah) intrahepatic kolestasis kehamilan?,"kolestasis intrahepatik kehamilan adalah gangguan hati yang terjadi pada wanita hamil. Kolestasis adalah kondisi yang merusak pelepasan cairan pencernaan yang disebut empedu dari sel hati. Akibatnya, empedu menumpuk di hati, merusak fungsi hati."
urinary tract infection,Cara mendiagnosa Apa yang saya perlu tahu tentang Infeksi Traktur Urin Anak saya?,"UTI didiagnosa dengan menguji air seni anak-anakmu. Cara urine dikumpulkan tergantung pada usia anak Anda:

Penyedia layanan kesehatan melihat sampel urine dengan mikroskop untuk memeriksa bakteri atau nanah. Sampel juga dikirim ke laboratorium."
cancer,"Apa itu kanker kelenjar rendah hati, orang dewasa?",Kanker kelenjar Livivary adalah penyakit langka di mana sel kanker terbentuk di jaringan kelenjar ludah. Kelenjar air liur membuat air liur dan melepaskannya ke mulut. Saliva memiliki enzim yang membantu mencerna makanan dan antibodi yang membantu melindungi terhadap infeksi mulut dan tenggorokan.
cancer,Bagaimana mendiagnosa Kanker Anak?,"Tes yang memeriksa hati dan darah digunakan untuk mendeteksi (menemukan) dan mendiagnosa kanker hati masa kecil dan mencari tahu apakah kanker telah menyebar. Tes dan prosedur berikut ini dapat digunakan: - Ujian fisik dan sejarah: Ujian tubuh untuk memeriksa tanda-tanda kesehatan umum, termasuk memeriksa tanda-tanda penyakit, seperti benjolan atau apapun yang tampak tidak biasa. Sejarah kebiasaan kesehatan pasien dan penyakit masa lalu dan perawatan juga akan diambil."
arthritis,Bagaimana mendiagnosa Rheumatoid arthritis?,"Rheumatoid arthritis sulit untuk mendiagnosa pada tahap awal karena berbagai gejala berkembang dari waktu ke waktu, dan hanya beberapa gejala yang mungkin hadir pada tahap awal. Sebagai bagian dari diagnosis, dokter Anda akan mencari gejala seperti pembengkakan, kehangatan, rasa sakit, dan keterbatasan gerak bersama seluruh tubuh Anda. Dokter Anda mungkin bertanya tentang intensitas gejala rasa sakit Anda, seberapa sering itu terjadi, dan apa yang membuat rasa sakit lebih baik atau lebih buruk."
kidney,Apa pandangan untuk Ginjal Dysplasia?,"Penelusuran jangka panjang untuk seorang anak dengan ginjal displasia dalam satu ginjal umumnya bagus. Seseorang dengan satu ginjal bekerja, kondisi yang disebut ginjal soliter, dapat tumbuh normal dan mungkin memiliki sedikit, jika ada, masalah kesehatan.

Ginjal yang terpengaruh mungkin menyusut saat anak tumbuh. Pada usia 10,3 ginjal yang terpengaruh mungkin tidak lagi terlihat pada x-ray atau USG."
anemia,Berapa banyak orang yang terpengaruh oleh anemia microcytic hipokromik dengan kelebihan besi?,Anemia microcytic hypochromic dengan beban besi kemungkinan adalah gangguan langka; setidaknya lima keluarga yang terkena dampak telah dilaporkan dalam literatur ilmiah.
diarrhea,Bagaimana mendiagnosa Diare?,"Jika diare akut berlangsung 2 hari atau kurang, tes diagnostik biasanya tidak diperlukan. Jika diare berlangsung lebih lama atau disertai dengan gejala seperti demam atau bangku berdarah, dokter dapat melakukan tes untuk menentukan penyebabnya.

Tes diagnostik untuk menemukan penyebab diare termasuk hal berikut:

- Sejarah medis dan pemeriksaan fisik. Dokter akan bertanya tentang kebiasaan makan dan penggunaan obat dan akan melakukan pemeriksaan fisik untuk mencari tanda-tanda penyakit."
thyroid,Apa tahap Kanker Parathiroid?,"Titik Kunci
- Setelah kanker parathiroid didiagnosis, tes dilakukan untuk mengetahui apakah sel kanker telah menyebar ke bagian lain dari tubuh. - Ada tiga cara kanker menyebar dalam tubuh. - Kanker dapat menyebar dari mana mulai ke bagian lain dari tubuh."
hepatitis,Apa yang harus dilakukan untuk Steatohepatitis Nonalkoholik?,"- Bukan alkohol steatothepatitis (NASH) adalah lemak di hati, dengan peradangan dan kerusakan. - NASH terjadi pada orang-orang yang minum sedikit atau tidak alkohol dan mempengaruhi 2 sampai 5 persen orang Amerika, terutama orang yang berusia menengah dan kelebihan berat badan atau obesitas. - NASH bisa terjadi pada anak-anak."
kidney,penelitian apa yang telah dilakukan untuk Penyakit Ginjal?,"Banyak peneliti penelitian bekerja pada setiap tahap penyakit ginjal untuk meningkatkan diagnosis dan pengobatan, termasuk - mencoba untuk menemukan cara yang lebih baik untuk mengidentifikasi siapa yang paling beresiko untuk cepat berkembang penyakit ginjal - mencoba untuk menemukan obat yang lebih efektif untuk mengobati penyakit ginjal dan faktor risiko, dan - meningkatkan dialisis dan hasil transplantasi ginjal. mencoba untuk menemukan cara yang lebih baik untuk mengidentifikasi siapa yang berada pada risiko terbesar untuk penyakit ginjal yang cepat berkembang mencoba untuk menemukan obat yang lebih efektif untuk mengobati penyakit ginjal dan faktor risiko, dan meningkatkan dialisis dan hasil transplantasi ginjal. Beberapa area penelitian yang didukung oleh Institut Diabit Nasional dan Digeptical dan Penyakit Kidney (NIDDK) memiliki potensi besar."
anemia,Apa gejala Anemia dalam Penyakit Chronic Kidney?,"Tanda-tanda dan gejala anemia dalam seseorang dengan CSD mungkin termasuk

- kelemahan - kelelahan, atau merasa lelah - sakit kepala - masalah konsentrasi - rasa pusing - pusing - kesulitan bernapas atau sesak napas - nyeri dada -

Siapapun yang mengalami kesulitan bernapas atau dengan sesak napas harus segera mencari perawatan medis. Siapapun yang menderita nyeri dada harus menghubungi 911."
fever,Bagaimana untuk mencegah Alkhurma Hebrearagic Fever (AHF)?,"Mengingat bahwa tidak ada pengobatan atau prophylaxis khusus saat ini tersedia, pencegahan dan peningkatan kesadaran AHFV adalah satu-satunya yang direkomendasikan. Kendali lengkap dari kutu dan gangguan siklus kehidupan virus adalah tidak praktis; di daerah endemik, penting untuk menghindari kutu-penuh daerah dan membatasi kontak dengan ternak dan hewan domestik.

Individu harus menggunakan pengusir kutu pada kulit dan pakaian dan memeriksa kulit untuk kutu terpasang, menghapus mereka sesegera mungkin."
diarrhea,Bagaimana mencegah Diare?,"Dua jenis diare dapat mencegah virus diare dan pelancong diare.

Diare Rotavirus

Dua vaksin lisan telah disetujui oleh Administrasi Makanan dan Obat-obatan AS untuk melindungi anak-anak dari infeksi rotavirus: vaksin rotavirus, hidup, oral, pentalen (RotaTeq); dan vaksin rotavirus, hidup, oral (Rotarix). RotaTeq diberikan pada bayi dalam tiga dosis pada 2, 4, dan 6 bulan usia."
anxiety,Berapa banyak orang yang terkena Gangguan Kecemasan?,Penelitian memperkirakan bahwa gangguan kecemasan mempengaruhi sekitar 15 persen orang dewasa dalam setahun. Lebih banyak wanita daripada pria mengalami gangguan kecemasan. Mereka cenderung kurang umum di antara orang dewasa yang lebih tua daripada orang dewasa yang lebih muda.
kidney,Apa itu Kanker Ginjal?,"Kau punya dua ginjal. Mereka adalah organ berukuran fist- di kedua sisi tulang punggung Anda di atas pinggang Anda. Tabung dalam filter dan membersihkan darah Anda, mengambil produk limbah dan membuat urin."
arthritis,Apa perawatan untuk penderita radang sendi remaja?,Sumber daya ini mengatasi diagnosis atau pengelolaan arthritis idiot anak-anak: Sumber daya dari MedlinePlus menawarkan informasi tentang diagnosis dan manajemen dari berbagai kondisi kesehatan: - Tes Diagnostik - Terapi Obat - Operasi dan Rehabilitasi - Genetik Konseling - Perawatan Palliative
pneumonia,Apa yang menyebabkan Bronchiolitis melenyapkan pneumonia terorganisir?,"Apa yang menyebabkan bronkiolitis melenyapkan mengorganisir pneumonia (BOOP)? BOOP mungkin disebabkan oleh berbagai faktor, termasuk infeksi virus, menghirup gas beracun, obat-obatan, gangguan jaringan konektif, terapi radiasi, kokain, infeksi mangkuk inflamasi, dan infeksi HIV. Dalam banyak kasus, penyebab utama BOOP tidak diketahui."
kidney,Apa itu? Itu benar untukmu?,"Ginjal adalah dua organ berbentuk bean, masing-masing tentang ukuran kepalan tangan. Mereka terletak tepat di bawah tulang rusuk, satu di setiap sisi tulang belakang. Setiap hari, dua filter ginjal sekitar 120 sampai 150 liter darah untuk memproduksi sekitar 1 sampai 2 liter urin, terdiri dari limbah dan cairan ekstra."
hemorrhoid,Apa perawatan untuk Heembehoids?,"Perawatan rumah

Diet dan gaya hidup sederhana sering mengurangi pembengkakan wasir dan mengurangi gejala wasir. Makan diet serat tinggi dapat membuat bangku lebih lembut dan lebih mudah untuk lulus, mengurangi tekanan pada wasir disebabkan oleh ketegangan.

Serat adalah zat yang ditemukan di tanaman. Tubuh manusia tidak dapat mencerna serat, tetapi serat membantu meningkatkan pencernaan dan mencegah sembelit."
anemia,Apa gejala penyakit parah di Anemia?,"Tanda-tanda dan gejala-gejala ketidakkurangan anemia tergantung pada keparahannya. Semir untuk kekurangan sementara anemia mungkin tidak memiliki tanda-tanda atau gejala.

Ketika tanda dan gejala terjadi, mereka dapat berkisar dari ringan ke parah. Banyak tanda-tanda dan gejala iron- kekurangan anemia berlaku untuk semua jenis anemia.

Tanda dan Gejala Anemia

Gejala paling umum dari semua jenis anemia adalah kelelahan (kelelahan)."
tuberculosis,Bagaimana mendiagnosa Tuberkulosis (TB)?,"Tuberkulosis (TB) adalah penyakit yang menyebar melalui udara dari satu orang ke orang lain. Ada dua jenis tes yang digunakan untuk menentukan apakah seseorang telah terinfeksi bakteri TB: tes kulit TBC dan tes darah TB.

Tes kulit positif TB atau tes darah TB hanya memberitahu bahwa seseorang telah terinfeksi bakteri TB."
anemia,Apa penyebab anemia Sideroblastic?,"Apa yang menyebabkan anemia sideroblastic? Penyebab yang tepat dari anemia sideroblastic di banyak pasien tetap tidak diketahui. Terbalik anemia sideroblastic dapat disebabkan oleh alkohol, isoniazid, azzinamide, cycloserine (sebuah antibiotik resep yang dapat menyebabkan anemia, neuritis periferal, atau kejang dengan bertindak sebagai antagonis piridoxin antagonis atau meningkat excriting pyridoxine), kloramphenicals, atau defisiensi tembaga."
anemia,Apa yang menyebabkan Anemia Inflammation dan Cronic Disease?,"Anemia peradangan dan penyakit kronis disebabkan oleh sel darah merah tidak berfungsi normal, sehingga mereka tidak dapat menyerap dan menggunakan zat besi secara efisien. Selain itu, tubuh tidak bisa menanggapi secara normal untuk erythropoietin (EPO), hormon yang dibuat oleh ginjal yang merangsang sumsum tulang untuk menghasilkan sel darah merah. Seiring waktu, fungsi abnormal ini menyebabkan lebih rendah dari jumlah normal sel darah merah dalam tubuh.

Beberapa penyakit kronis yang menyebabkan AI / ACD termasuk infeksi dan penyakit inflamasi, penyakit ginjal, dan kanker."
psoriasis,Bagaimana mendiagnosa Psoriasis?,"Dalam kebanyakan kasus, dokter perawatan utama Anda dapat mendiagnosa psoriasis hanya dengan memeriksa kulit Anda. Jika dokter Anda tidak yakin jika Anda memiliki psoriasis, dia atau dia mungkin memesan biopsi. Ini melibatkan menghilangkan sedikit sampel kulit dan melihatnya di bawah mikroskop."
kidney,Apa itu? Apa yang saya perlu tahu tentang Kegagalan Ginjal dan Bagaimana Yang Diobati?,Kau punya dua ginjal. Ginjalnya berbentuk seperti kacang. Setiap ginjal seukuran kepalan tangan.
pneumonia,Apa yang menyebabkan Pneumonia?,"Banyak kuman bisa menyebabkan pneumonia. Contoh termasuk berbagai jenis bakteri, virus, dan, kurang sering, jamur.

Sebagian besar waktu, tubuh menyaring kuman dari udara yang kita hirup untuk melindungi paru-paru dari infeksi. Sistem kekebalan tubuh Anda, bentuk hidung dan tenggorokan Anda, kemampuan Anda untuk batuk, dan halus, rambut - seperti struktur yang disebut Cilia (SIL-e-ah) membantu menghentikan kuman dari mencapai paru-paru Anda."
heart disease,Apa gejala penyakit jantung koroner?,"Gejala umum penyakit jantung koroner (CHD) adalah angina. Angina adalah nyeri dada atau ketidaknyamanan yang terjadi jika area otot jantung Anda tidak mendapatkan cukup oksigen-kaya darah.

Angina mungkin merasa seperti tekanan atau meremas dada Anda. Anda juga mungkin merasakannya di bahu Anda, lengan, leher, rahang, atau kembali."
stroke,"Berapa banyak orang yang terpengaruh oleh mitokondria encephalomyopathy, asidosis laktat, dan stroke- seperti episode?","Kejadian yang sama sekali tak diketahui. Ini adalah salah satu kondisi yang lebih umum dalam sebuah kelompok yang dikenal sebagai penyakit mitokondria. Bersama-sama, penyakit mitokondrial terjadi pada sekitar 1 dari 4.000 orang."
asthma,Bagaimana mendiagnosa Asma?,"Dokter perawatan utama Anda akan mendiagnosa asma berdasarkan sejarah medis dan keluarga Anda, ujian fisik, dan hasil tes.

Doktermu juga akan mengetahui betapa parahnya asma-asmamu, entah itu intermiten, ringan, sedang, atau parah. Tingkat keparahan akan menentukan pengobatan apa yang akan kau mulai.

Anda mungkin perlu melihat spesialis asma jika:

Anda perlu tes khusus untuk membantu mendiagnosa asma

Kau mengalami serangan asma yang mengancam.

Anda membutuhkan lebih dari satu jenis obat atau dosis obat yang lebih tinggi untuk mengontrol asma Anda, atau jika Anda memiliki masalah keseluruhan mendapatkan asma Anda baik dikendalikan

Anda berpikir tentang mendapatkan perawatan alergi

Riwayat Medis dan Keluarga

Dokter Anda mungkin bertanya tentang sejarah keluarga Anda asma dan alergi. Dia atau dia juga mungkin bertanya apakah Anda memiliki gejala asma dan kapan dan seberapa sering mereka terjadi.

Biarkan dokter Anda tahu apakah gejala Anda tampaknya terjadi hanya selama waktu tertentu tahun atau di tempat-tempat tertentu, atau jika mereka lebih buruk di malam hari.

Dokter Anda juga mungkin ingin tahu apa faktor tampaknya memicu gejala Anda atau memperburuk mereka."
pneumonia,Apa itu Cryptogenic yang mengorganisir pneumonia?,"Kriptogenik mengorganisir pneumonia (COP) adalah bentuk dari idiopathic interstitial pneumonia ditandai dengan peradangan paru-paru dan bekas luka yang menghalangi saluran udara kecil dan kantung udara paru-paru (alveoli). Tanda-tanda dan gejala mungkin termasuk gejala seperti flu- seperti batuk, demam, malaise, kelelahan dan penurunan berat badan. COP sering mempengaruhi orang dewasa di paruh baya (40 sampai 60 tahun)."
kidney,Apa komplikasi dari Ectopic Kidney?,"Kemungkinan komplikasi ginjal ektopik termasuk masalah pada saluran urin dari ginjal itu. Kadang-kadang, urin bahkan dapat mengalir mundur dari kandung kemih ke ginjal, masalah yang disebut refluks vesicoureteral (VUR). Informasi lebih lanjut tentang VUR disediakan dalam NIDDK kesehatan topik, Vesicoureteral Reflux.

Aliran urin abnormal dan penempatan ginjal ektopik dapat menyebabkan berbagai masalah:

- Infeksi."
kidney,Apa perubahan genetik yang berhubungan dengan penyakit ginjal polisistik?,"Mutasi dalam gen PKD1, PKD2, dan PPHD1 menyebabkan penyakit ginjal polisistik. Mutasi baik gen PKD1 maupun PKD2 dapat menyebabkan penyakit ginjal yang dominan; mutasi gen PKD1 menyebabkan ADPD tipe 1, dan mutasi gen PKD2 menyebabkan ADPAD tipe 2. Gen-gen ini menyediakan instruksi untuk membuat protein yang fungsinya tidak sepenuhnya dipahami."
anemia,Apa itu?,"Hypertryptophoremia adalah kondisi langka yang mungkin terjadi karena kelainan dalam kemampuan tubuh untuk memproses asam amino (blok protein), tryptophan. Orang-orang yang dipengaruhi oleh kondisi ini mungkin mengalami kelainan intelektual dan masalah perilaku (misalnya perubahan suasana hati periodik, respon emosional berlebihan dan perilaku seksual yang abnormal)."
migraine,Apa perawatan untuk migrain hemiplegic Familial tipe 1?,"Bagaimana migrain hemiplegic bisa diobati? Pengobatan migrain hemiplegic bervariasi tergantung pada keparahan dan gejala mana yang paling bermasalah bagi pasien. Secara umum, perawatan bertujuan untuk mengelola gejala."
anemia,Apakah iron- refractory deficiency anemia mewarisi?,"Kondisi ini diwariskan dalam pola resesif otomatis, yang berarti kedua salinan gen di setiap sel memiliki mutasi. Orang tua dari seorang individu dengan kondisi resesif otomatis masing-masing membawa satu salinan gen bermutasi, tetapi mereka biasanya tidak menunjukkan tanda-tanda dan gejala kondisi."
pneumonia,Bagaimana mendiagnosa kriptogenik mengorganisir pneumonia?,Bagaimana cara mengorganisir pneumonia? Sebuah diagnosis pengorganisasian pneumonia kriptogenik sering dicurigai berdasarkan adanya tanda-tanda karakteristik dan gejala sekali kondisi lain yang menyebabkan fitur serupa telah dikecualikan. Hal ini termasuk mengesampingkan penyebab lain yang diketahui dari mengorganisir pneumonia.
diabetes,Apa itu (adalah) 6q24- terkait sementara diabetes Mellitus neonatal?,6 q24- terkait transien diabetes neonatal Mellitus adalah jenis diabetes yang terjadi pada bayi. Bentuk diabetes ini ditandai dengan kadar gula darah tinggi (hiperglikemia) yang mengakibatkan kekurangan insulin hormon. Insulin mengontrol berapa banyak glukosa (sejenis gula) diturunkan dari darah ke dalam sel untuk konversi ke energi.
thyroid,Apa gejala Pseudohypoparatyroidism tipe 1C?,"Apa tanda-tanda dan gejala Pseudohypoparatyroidism tipe 1C? Ontologi Phenotype Manusia menyediakan daftar tanda-tanda dan gejala-gejala berikut bagi Pseudohypoparatyroidism tipe 1C. Jika informasi tersedia, tabel di bawah ini termasuk seberapa sering gejala terlihat pada orang dengan kondisi seperti ini."
asthma,Apakah alergi asma warisan?,"Alergi asma dapat melewati generasi dalam keluarga, tetapi pola warisan tidak diketahui. Orang dengan mutasi dalam satu atau lebih gen terkait mewarisi peningkatan risiko alergi asma, bukan kondisi itu sendiri. Karena alergi asma adalah kondisi yang kompleks dipengaruhi oleh faktor genetik dan lingkungan, tidak semua orang dengan mutasi dalam gen yang terkait asma akan mengembangkan gangguan."
lupus,Apa itu Lupus erymatosus sistemik?,"Lupus erythematosus (SLE) adalah penyakit kronis yang menyebabkan peradangan dalam jaringan yang terhubung, seperti tulang rawan dan lapisan pembuluh darah, yang menyediakan kekuatan dan fleksibel untuk struktur seluruh tubuh. Tanda-tanda dan gejala SLE bervariasi antara individu-individu yang terpengaruh, dan dapat melibatkan banyak organ dan sistem, termasuk kulit, sendi, ginjal, paru-paru, sistem saraf pusat, dan darah (hematopietic) sistem. SLE adalah salah satu dari sekelompok besar kondisi yang disebut gangguan autoimun yang terjadi ketika sistem kekebalan tubuh menyerang jaringan tubuh dan organ sendiri."
kidney,Apa perawatan untuk Ginjal Stones pada Anak-anak?,"Perawatan untuk batu ginjal biasanya tergantung pada ukurannya dan terbuat dari apa, serta apakah itu menyebabkan gejala rasa sakit atau menghalangi saluran kencing. Batu kecil biasanya melewati saluran kencing tanpa pengobatan. Namun, anak-anak akan sering membutuhkan pengendalian rasa sakit dan dorongan untuk minum banyak cairan untuk membantu memindahkan batu bersama."
anemia,Apa gejala Hangat antibodi anemia?,"Apa tanda-tanda dan gejala Hangat antibodi anemia? The Human Phenotype Ontology menyediakan daftar berikut tanda-tanda dan gejala untuk Hangat antibodi anemia. Jika informasi tersedia, tabel di bawah ini termasuk seberapa sering gejala terlihat pada orang dengan kondisi seperti ini."
hemorrhoid,Berapa banyak orang yang terkena wasir?,Sekitar 75 persen orang akan memiliki wasir di beberapa titik dalam kehidupan mereka. 1 Wasir adalah yang paling umum di antara orang dewasa usia 45 sampai 65.2 Hebrihoid juga umum pada wanita hamil.
diabetes,Apa gejala Diabetes?,"Diabit sering disebut ""diam"" penyakit karena dapat menyebabkan komplikasi serius bahkan sebelum Anda memiliki gejala. Gejala juga bisa begitu ringan sehingga Anda tidak memperhatikan mereka. Diperkirakan 8 juta orang di Amerika Serikat menderita diabetes tipe 2 dan tidak mengetahuinya, menurut 2012 diperkirakan oleh Pusat Pengendalian dan Pencegahan Penyakit (CDC)."
chickenpox,Bagaimana untuk mencegah Varicella (Cacar) Vaksin?,"Pada sebuah Glance

Vaksin tingkat penyakit yang dapat dicegah berada di atau dekat rekor rendah. Meskipun kebanyakan bayi dan balita telah menerima semua vaksin yang direkomendasikan pada usia 2, banyak anak dibawah imunisasi tetap, meninggalkan potensi wabah penyakit. Banyak remaja dan orang dewasa yang diimunisasi juga, kehilangan kesempatan untuk melindungi diri terhadap penyakit seperti Hepatitis B, influenza, dan penyakit pneumococcal."
urinary tract infection,Infeksi Trakta Uriner pada Anak-anak?,"UTI adalah infeksi di saluran kencing. Infeksi yang disebabkan oleh mikrobesorganisme terlalu kecil untuk dilihat tanpa jamur mikroskosit termasuk virus, dan bakteri. Bakteri adalah penyebab paling umum dari UTI."
depression,Apa perawatan untuk depresi?,"Obat-obatan disebut antidepresi bekerja untuk menormalkan bahan kimia otak yang disebut neurotransmitter, serotonin, norepinefrin, dan dopamin. Para ilmuwan mempelajari depresi telah menemukan bahwa bahan kimia ini, dan mungkin yang lain, terlibat dalam mengatur suasana hati, tetapi mereka tidak yakin persis bagaimana mereka bekerja. Antidepresan baru."
hepatitis,Apa perawatan untuk Apa yang saya perlu tahu tentang Hepatitis B?,"Hepatitis B biasanya tidak diobati kecuali menjadi kronis. Kronic hepatitis B diperlakukan dengan obat-obatan yang lambat atau menghentikan virus dari merusak hati.

Obat-obatan untuk Hepatitis Kronic B

Dokter Anda akan memilih obat-obatan atau kombinasi obat-obatan yang mungkin bekerja untuk Anda. Dokter akan mengawasi secara ketat gejala dan jadwal tes darah rutin untuk memastikan pengobatan bekerja.

Obat yang diberikan oleh suntikan termasuk

- interferon - peginterferon

Obat yang diambil oleh mulut termasuk

- adepovir - entecavir - lamivudine - telbivudine - tenofsir

Panjang pengobatan bervariasi."
thyroid,Apa gejala Kanker Parathiroid?,"Tanda dan gejala kanker parathiroid termasuk kelemahan, merasa lelah, dan benjolan di leher. Kebanyakan gejala kanker parathiroid disebabkan oleh hypercalcemia yang berkembang. Tanda dan gejala hipercalcemia termasuk:"
diabetes,Bagaimana mencegah masalah diabetes: menjaga hati dan pembuluh darah sehat?,"Anda dapat melakukan banyak hal untuk mencegah penyakit jantung dan stroke.

- Jaga glukosa darahmu tetap terkendali. Anda dapat melihat apakah glukosa darah Anda berada di bawah kontrol dengan memiliki tes A1C setidaknya dua kali setahun. Tes A1C memberitahu Anda glukosa darah rata-rata Anda selama 2 sampai 3 bulan terakhir."
cold,Bagaimana mendiagnosa penyakit agglutinin dingin?,"Bagaimana penyakit agglutinin dingin didiagnosis? Sebuah diagnosis penyakit agglutinin dingin dapat dilakukan setelah beberapa jenis tes dilakukan oleh penyedia layanan kesehatan. Dalam beberapa kasus, diagnosis pertama kali dicurigai secara kebetulan jika perhitungan darah rutin (CBC) mendeteksi pengrusakan abnormal (agglutination) dari sel darah merah."
kidney,Apa itu Wilms Tumor dan Tumor Anak-Anak lainnya?,"Titik Kunci
- Tumor ginjal anak adalah penyakit di mana sel-sel berbahaya (kanker) terbentuk dalam jaringan ginjal. - Ada banyak jenis tumor ginjal masa kecil. - Wilms Tumor - Renal Cell Cancer (RCC) - Rhabdoid Tumor of the Kidney - Clear Cell Sarcoma dari Ginney - Congenital Mesoblastic Nephroma - Ewing Sarcoma of the Ginney - Primary Myoepitheal Carcinoma - Siscorosis Bervariasi Nephroblastom -"
pregnancy,Berapa banyak orang yang terpengaruh oleh kolestasis dalam kehamilan?,"Kolestasis kehamilan di Intrahepatik diperkirakan mempengaruhi 1 persen wanita keturunan Eropa Utara. Kondisi ini lebih umum pada populasi tertentu, seperti wanita keturunan Araucanian India di Chili atau wanita keturunan Skandinavia. Kondisi ini jarang ditemukan di populasi lain."
kidney,Apakah penyakit ginjal cystic Medulalary diwariskan?,Bagaimana penyakit ginjal medularia cystic? 2 jenis MCKD keduanya mewarisi dalam cara yang dominan automal. Ini berarti bahwa setiap individu dengan kondisi memiliki kesempatan 50% untuk menyampaikan penyakit ini menyebabkan mutasi pada anak-anak mereka.
diabetes,"Apa gejala Tubulopathy Renal, diabetes Mellitus, dan cerebellar ataxia karena duplikasi DNA mitokondria?","Apa tanda-tanda dan gejala Tubulopathy Renal, diabetes Mellitus, dan cerebellar ataxia karena duplikasi DNA mitokondria? Manusia Phenotype Ontologi menyediakan daftar tanda-tanda dan gejala-gejala untuk Tubulopathy Renal, diabetes Mellitus, dan cerebellar ataxia karena duplikasi DNA mitokondria. Jika informasi tersedia, tabel di bawah ini termasuk seberapa sering gejala terlihat pada orang dengan kondisi seperti ini."
diabetes,Apa gejala Epiphyseal displasia beberapa kali dengan early-onset diabetes Mellitus?,"Apa tanda-tanda dan gejala Epiphyseal displasia beberapa dengan early-onset diabetes Mellitus? The Human Phenotype Ontology menyediakan daftar berikut tanda-tanda dan gejala untuk Epiphyseal displasia beberapa kali dengan early-onset diabetes Mellitus. Jika informasi tersedia, tabel di bawah ini termasuk seberapa sering gejala terlihat pada orang dengan kondisi seperti ini."
hepatitis,Apa yang menyebabkan tidak beralkohol Steatohepatitis?,"Meskipun NASH telah menjadi lebih umum, penyebab dasarnya masih belum jelas. Hal ini sering terjadi pada orang-orang yang berusia menengah dan kelebihan berat badan atau obesitas. Banyak pasien dengan NASH telah mengangkat lipid darah, seperti kolesterol dan trigliserida, dan banyak yang menderita diabetes atau prediabetes, tetapi tidak setiap orang obesitas atau setiap pasien diabetes memiliki NASH."
hepatitis,Apa gejala dari Hepatitis B: Apakah penduduk Asia dan Pasifik yang perlu diketahui orang Amerika?,"Hepatitis B disebut pembunuh diam karena banyak orang tidak memiliki gejala, sehingga penyakit ini sering berkembang tanpa diketahui selama bertahun-tahun. Sayangnya, banyak orang pertama kali belajar bahwa mereka memiliki hepatitis kronis B ketika mereka mengembangkan gejala kerusakan hati parah, yang termasuk

- Mata kuning dan kulit, disebut kuning - perut bengkak atau pergelangan kaki - lelah - mual - kelemahan - kehilangan nafsu makan - kehilangan berat badan - pembuluh darah spiderlike, disebut laba-laba angiomas, yang berkembang di kulit"
anemia,Apa perawatan untuk anemia sideroblastik terkait X-?,Sumber daya ini mengatasi diagnosis atau pengelolaan anemia sideroblastic yang terkait: - Rezim Pengujian Genetik: anemia sideroblastik heredfitary - MedlinePlus Encyclopedia: Anemia Sumber daya dari MedlinePlus menawarkan informasi tentang diagnosis dan manajemen dari berbagai kondisi kesehatan: - Tes Diagnostik - Terapi Obat - Operasi dan Rehabilitasi - Genetik Konseling - Perawatan Palliative
osteoporosis,Berapa banyak orang yang terpengaruh oleh osteoporosis dasar remaja?,"Tingkat penyebaran osteoporosis dasar remaja tidak diketahui. Hampir 1 dari 10 orang dewasa di atas usia 50 memiliki osteoporosis, tetapi kondisi tidak biasa pada anak-anak. Osteoporosis dapat terjadi pada usia muda sebagai fitur kondisi lain tapi jarang terjadi tanpa tanda-tanda dan gejala-gejala lain (primer osteoporosis)."
osteoporosis,Apa perawatan untuk Osteoporosis?,"Siapa yang mengobati Osteoporosis? Meskipun tidak ada obat untuk osteoporosis, itu bisa diobati. Jika dokter Anda tidak mengkhususkan diri dalam osteoporosis, dia atau dia dapat merujuk Anda ke spesialis."
diabetes,Apa (adalah) Monitor Diabe Anda?,"Kadang-kadang, tidak peduli seberapa keras Anda mencoba untuk menjaga kadar glukosa darah Anda dalam jangkauan target Anda, mereka akan terlalu tinggi atau terlalu rendah. glukosa darah yang terlalu tinggi atau terlalu rendah dapat membuat Anda merasa sakit. Jika Anda mencoba untuk mengontrol tinggi Anda atau rendah glukosa darah dan tidak bisa, Anda mungkin menjadi bahkan lebih sakit dan membutuhkan bantuan."
high blood pressure,Apa gejala Tekanan Darah Tinggi dan Penyakit Ginjal?,"Kebanyakan orang dengan tekanan darah tinggi tidak memiliki gejala. Dalam kasus langka, tekanan darah tinggi dapat menyebabkan sakit kepala.

Penyakit ginjal juga tidak memiliki gejala pada tahap awal. Seseorang mungkin memiliki pembengkakan yang disebut edema, yang terjadi ketika ginjal tidak dapat menyingkirkan cairan ekstra dan garam."
thyroid,Apakah (adalah) Familial terisolasi hiperparathiroidism?,"Familial isolated hyperparathiroidism (FIHP) adalah bentuk warisan dari hyperparathiroidism primer yang tidak terkait dengan fitur-fitur lain. Usia diagnosis bervariasi dari masa kecil hingga dewasa. Dalam FIHP, tumor yang melibatkan kelenjar paratyroid menyebabkan produksi dan melepaskan hormon paratyroid berlebih, yang pada gilirannya menyebabkan peningkatan kalsium dalam darah (hypercalcemia)."
diabetes,Berapa banyak orang yang terkena diabetes tipe 1?,"diabetes tipe 1 terjadi pada 10 sampai 20 per 100.000 orang per tahun di Amerika Serikat. Pada usia 18, sekitar 1 dari 300 orang di Amerika Serikat mengembangkan diabetes tipe 1. Gangguan ini terjadi pada frekuensi yang sama di Eropa, Inggris, Kanada, dan Selandia Baru."
tuberculosis,Apa itu (adalah) Tuberkulosis (TB)?,"Divisi Penghapusan Tuberkulosis (DTBE) Laboratorium Cabang (LB) menyediakan layanan untuk tes berikut pada kultur mycobakteri. Setiap departemen kesehatan lokal, kantor dokter berlisensi, laboratorium lisensi atau fasilitas perawatan kesehatan dapat mengirimkan budaya untuk pengujian tetapi mereka harus diarahkan melalui departemen kesehatan negara mereka atau fasilitas berwenang lainnya.
Genotip
Program kontrol TB atau lokal

Sebuah laboratorium genotip, di Michigan dalam kontrak dengan CDC untuk menyediakan layanan genotip ke program TB di Amerika Serikat. Tiga metode genotip untuk mengidentifikasi strain TB:

- Spoligotyping
- Analisis repetisi Mycobactered (MIRU)
Analisis polimorfisme (RFLP) IS61110 berbasis fragmen.


Untuk informasi lebih lanjut, lihat Panduan untuk Aplikasi Genotip ke Pencegahan dan Kendali Tuberkulosis.

Penyelidikan epidemiologi DTBE dan kegiatan pengawasan

- LB menyediakan dukungan untuk penyelidikan epidemiologi DTBE dan kegiatan pengawasan."
anemia,Apa perawatan untuk sideroblastic anemia pyridoxine- refractory autosomal resessive?,"Bagaimana mungkin sideroblastic anemia pyridoxine- refractory autosomal resessive diobati? Saat ini tidak ada obat untuk anemia sideroblastic, Pyridoxine- refractory autosomal resesif, namun dengan perawatan yang tepat harapan hidup orang dengan anemia ini dapat dekat dengan normal. Pengobatan bertujuan untuk mencegah kerusakan organ dari beban besi, dan mengendalikan gejala anemia."
diabetes,Apa gejala dari Apakah saya di Risk untuk Diabetes Tipe 2? Mengambil Langkah untuk Turunkan Risiko Anda Getting Diabetes?,Tanda-tanda dan gejala diabetes tipe 2 dapat begitu ringan bahwa Anda mungkin bahkan tidak melihat mereka. Hampir 7 juta orang di Amerika Serikat memiliki diabetes tipe 2 dan tidak tahu mereka memiliki penyakit. Banyak yang tidak memiliki tanda atau gejala.
hepatitis,Apa perawatan untuk Apa yang saya perlu tahu tentang Hepatitis A?,"Hepatitis Biasanya akan lebih baik dalam beberapa minggu tanpa pengobatan. Namun, beberapa orang dapat memiliki gejala sampai 6 bulan. Dokter Anda mungkin menyarankan obat-obatan untuk membantu meringankan gejala Anda."
arthritis,Apa itu psoriatic arthritis?,"Arthritis psoriatic adalah kondisi yang melibatkan peradangan sendi (arthritis) yang biasanya terjadi dalam kombinasi dengan kelainan kulit yang disebut psoriasis. Psoriasis adalah kondisi inflamasi kronis yang ditandai dengan tambalan kulit merah dan jengkel yang sering ditutupi oleh sisik putih tebal. Orang-orang dengan psoriasis mungkin juga memiliki perubahan di kuku dan kuku kaki mereka, seperti kuku yang menjadi pitted atau ridged, crumble, atau terpisah dari tempat tidur kuku."
arthritis,Apa gejala Osteoarthritis?,"Rasa sakit dan Ketat di Joints berbeda jenis arthritis memiliki gejala yang berbeda. Secara umum, orang dengan kebanyakan bentuk arthritis memiliki rasa sakit dan kekakuan di sendi mereka. Osteoarthritis biasanya berkembang perlahan-lahan dan dapat terjadi dalam sendi apapun, tetapi sering terjadi dalam berat badan-bantalan sendi."
high blood pressure,Apa perawatan untuk hipertensi paru-paru?,Bagaimana mungkin paru-paru arteri hipertensi diobati? Orang dengan arteri paru-paru hipertensi (PAH) manfaat dari menerima pengobatan di pusat-pusat khusus. Asosiasi Hipertensi Pulmonary menawarkan sebuah alat Dokter yang dapat membantumu menemukan pusat terdekat.
diarrhea,Apa yang harus aku lakukan untuk mengetahui Diare?,"Untuk mencegah dehidrasi ketika Anda mengalami diare, penting untuk minum banyak air, tetapi Anda juga perlu minum cairan yang mengandung natrium, klorida, dan kalium.

- Orang dewasa harus minum air, jus buah, minuman olahraga, soda tanpa kafein, dan kaldu asin. - Anak-anak harus minum rehydration oral minuman khusus yang mengandung garam dan mineral untuk mencegah dehidrasi. Minuman ini termasuk Pedialyte, Naturalyte, Infalyte, dan Cerayte."
migraine,Apakah migrain Basilar diwariskan?,"Apakah migrain basilar diwariskan? Dalam kebanyakan kasus, migrain basilar tidak diwariskan. Namun, rentan terhadap migrain basilar mungkin jarang disebabkan oleh perubahan (mutasi) dalam gen ATP1A2 atau CAKNA1A."
high blood pressure,Apa gejala Pulmoner Hypertensi?,"Tanda dan gejala hipertensi paru-paru (PH) mungkin termasuk:

Kependek napas selama aktivitas rutin, seperti mendaki dua tangga tangga

Kebodohan

Sakit dada

Sebuah detak jantung balap

Rasa sakit di bagian kanan atas perut

Nafsu makan berkurang

Sebagai PH buruk, Anda mungkin menemukan sulit untuk melakukan aktivitas fisik. Pada titik ini, tanda-tanda dan gejala lainnya mungkin termasuk:

Merasa cahaya berkepala, terutama selama aktivitas fisik

Fainting di kali

Membengkak di kaki dan pergelangan kaki

Warna biru di bibir dan kulitmu"
fever,Apa itu Demam Rheumatik?,"Demam Rheumatik adalah kondisi inflamasi yang mungkin berkembang setelah infeksi dengan kelompok A Stroptococcus bakteri, seperti radang tenggorokan atau demam merah. Hal ini terutama didiagnosis pada anak-anak antara usia 6 dan 16 dan dapat mempengaruhi jantung, sendi, sistem saraf dan / atau kulit. Tanda-tanda awal dan gejala termasuk sakit tenggorokan; tonsils merah bengkak; demam; sakit kepala; dan / atau otot dan sakit sendi."
pregnancy,Apa yang harus dilakukan untuk Kehamilan dan Penyakit Tiroid?,"Selama kehamilan, tubuh membutuhkan lebih banyak nutrisi untuk mendukung kesehatan ibu dan bayi yang sedang tumbuh. Para ahli merekomendasikan wanita hamil mempertahankan diet seimbang dan mengambil kandungan multivitamin dan suplemen mineral mengandung yodium untuk menerima sebagian besar nutrisi yang diperlukan untuk kesehatan tiroid. Informasi lebih lanjut tentang diet dan gizi selama kehamilan disediakan oleh Perpustakaan Pertanian Nasional yang tersedia di www.choseommyplate.gov / gizi - membutuhkan-during-kehamilan.

Suplemen Dieter

Karena tiroid menggunakan yodium untuk membuat hormon tiroid, yodium adalah mineral penting bagi seorang ibu selama kehamilan."
hepatitis,Apa yang menyebabkan Autoimun Hepatitis?,"Kombinasi autoimun, pemicu lingkungan, dan kecenderungan genetik dapat menyebabkan hepatitis autoimun."
thyroid,Apa itu Disorder Parathiroid?,"Kebanyakan orang memiliki empat kelenjar berbentuk persik, yang disebut kelenjar parathiroid, pada kelenjar tiroid di leher. Meskipun nama mereka serupa, kelenjar tiroid dan parathiroid benar-benar berbeda. kelenjar parathiroid membuat hormon parathiroid (PTH), yang membantu tubuh Anda menjaga keseimbangan kalsium dan fosfor yang tepat."
anemia,Bagaimana untuk mencegah iron Deficiency Anemia?,"Makan makanan yang seimbang termasuk makanan iron-kaya dapat membantu Anda mencegah kekurangan darah.

Mengambil suplemen besi juga dapat menurunkan risiko Anda untuk kondisi jika Anda tidak mampu mendapatkan cukup besi dari makanan. Jumlah besar besi bisa berbahaya, jadi ambil suplemen zat besi hanya sebagai resep dokter Anda.

Untuk informasi lebih lanjut tentang diet dan suplemen, pergi ke ""Bagaimana Iron- Deficiency Anemia Diobati?""

Bayi dan anak-anak muda dan perempuan adalah dua kelompok dengan risiko tertinggi untuk anemia ironefisiensi. Tindakan khusus dapat membantu mencegah kondisi dalam kelompok ini.

Bayi dan Anak Muda

Diet seorang bayi dapat mempengaruhi resiko terhadap anemia ironefisiensi."
anemia,Apakah penyakit kelamin adalah penyakit anemia?,"Pola warisan CDA tergantung pada jenis gangguan. Jenis CDA I dan II adalah warisan dalam pola resesi otomatis, yang berarti kedua salinan gen yang terkait di setiap sel memiliki mutasi. Orang tua dari seorang individu dengan kondisi resesif otomatis masing-masing membawa satu salinan gen bermutasi, tetapi mereka biasanya tidak menunjukkan tanda-tanda dan gejala kondisi."
arthritis,Apa gejala dari rheumatoid arthritis?,"Pembengkakan dan rasa sakit di Joints berbagai jenis radang sendi memiliki gejala yang berbeda. Secara umum, orang dengan kebanyakan bentuk arthritis memiliki rasa sakit dan kekakuan di sendi mereka. Rheumatoid arthritis ditandai dengan inflamasi lapisan sendi."
bronchitis,Apa itu Chronic Bronchitis?,"Bronchitis adalah peradangan tabung bronkial, saluran udara yang membawa udara ke paru-paru Anda. Hal ini menyebabkan batuk yang sering membawa lendir. Hal ini juga dapat menyebabkan sesak napas, mengi, demam rendah, dan sesak dada."
pneumonia,Apa itu Pneumonia?,"Pneumonia adalah infeksi pada satu atau kedua paru-paru. Banyak kuman, seperti bakteri, virus, dan jamur, dapat menyebabkan pneumonia. Anda juga dapat mendapatkan pneumonia dengan menghirup cairan atau kimia."
osteoporosis,Bagaimana mendiagnosa Osteoporosis?,"Siapa yang Harus Diuji? Amerika Serikat Preventif Layanan Task Force merekomendasikan bahwa perempuan berusia 65 dan lebih tua akan disaring (diuji) untuk osteoporosis, serta wanita yang berusia 60 dan lebih tua yang berada pada peningkatan risiko osteoporosis-terkait fraktur. Namun, keputusan apakah atau tidak untuk memiliki tes kepadatan tulang terbaik dilakukan antara pasien dan dokternya."
asthma,Apa perubahan genetik yang berhubungan dengan alergi asma?,Penyebab alergi asma sangat kompleks. Kemungkinan bahwa kombinasi dari beberapa faktor genetik dan lingkungan berkontribusi untuk pengembangan kondisi. Dokter percaya gen terlibat karena memiliki anggota keluarga dengan alergi asma atau gangguan alergi lainnya meningkatkan risiko seseorang asma berkembang.
urinary tract infection,Apa yang menyebabkan infeksi Tract urinary pada anak-anak?,Kebanyakan Utis disebabkan oleh bakteri yang hidup di usus. Bakteri Escherichia coli (E. coli) menyebabkan mayoritas UTI.
cholesterol,Apa yang menyebabkan High Blood Kolesterol?,Banyak hal yang dapat mempengaruhi tingkat kolesterol dalam darah Anda. Anda dapat mengontrol beberapa hal-hal tapi tidak yang lain. ¶ What You Can Control ¶ Anda dapat mengontrol - apa yang Anda makan - berat badan Anda - tingkat aktivitas Anda.
insomnia,Apa perawatan untuk Insomnia?,"Perubahan gaya hidup sering dapat membantu meringankan insomnia akut (short-term). Perubahan ini mungkin membuatnya lebih mudah untuk tertidur dan tetap tertidur.

Jenis konseling yang disebut terapi perilaku-kognitive- (CBT) dapat membantu mengurangi kecemasan yang terkait dengan insomnia kronis. Kecemasan cenderung memperpanjang insomnia.

Beberapa obat juga dapat membantu meringankan insomnia dan membangun jadwal tidur yang teratur."
high blood pressure,Apa (adalah) tekanan hipertensi pulmoner?,"Penyakit pulmoner hypertensi (PAH) adalah kondisi progresif yang mempengaruhi jantung dan paru-paru. Hal ini ditandai dengan tekanan darah tinggi yang tidak normal (hipertensi) di arteri paru, pembuluh darah yang membawa darah dari jantung ke paru-paru. Tanda-tanda dan gejala yang paling umum adalah sesak napas (dispnea) selama mengerahkan dan pingsan mantra."
fever,Apa gejala Alkhurma Demam Hebrearagic (AHF)?,"Berdasarkan informasi terbatas, setelah periode inkubasi yang bisa pendek selama 2-4 hari, penyakit ini awalnya muncul dengan gejala yang tidak spesifik, termasuk demam, anoreksia (kehilangan nafsu makan), malaise umum, diare, dan muntah; fase kedua telah muncul pada beberapa pasien, dan termasuk neurologi dan gejala hemoragik dalam bentuk parah. Kegagalan multi- organ mendahului hasil yang fatal. Tidak ada gejala berulang atau kronis telah dilaporkan berikut pemulihan."
diarrhea,Cara mendiagnosa Apa yang saya perlu tahu tentang Diare?,"Untuk menemukan penyebab diare, penyedia layanan kesehatan mungkin

- melakukan tes fisik - tanya tentang obat-obatan yang Anda ambil - tes bangku Anda atau darah untuk mencari bakteri, parasit, atau tanda-tanda penyakit atau infeksi - meminta Anda untuk berhenti makan makanan tertentu untuk melihat apakah diare Anda pergi

Jika Anda mengalami diare kronis, penyedia layanan kesehatan Anda dapat melakukan tes lain untuk mencari tanda-tanda penyakit."
back pain,Apa yang kau cari dari Back Pain?,"Kebanyakan pasien dengan sakit punggung pulih tanpa residual fungsional kehilangan, tetapi individu harus menghubungi dokter jika tidak ada pengurangan terlihat dalam rasa sakit dan peradangan setelah 72 jam perawatan diri. Rasa sakit kembali yang dihasilkan dari mekanisme tubuh yang tidak tepat atau penyebab non-traumatis lainnya sering dicegah. Terlibat dalam latihan yang tidak menyentak atau strain belakang, mempertahankan postur yang benar, dan mengangkat objek dengan benar dapat membantu mencegah cedera."
thyroid,Berapa banyak orang yang terpengaruh oleh penyakit thyroiditis Hashimoto?,"Hashimoto thyroiditis mempengaruhi 1 sampai 2 persen orang di Amerika Serikat. Hal ini terjadi lebih sering pada perempuan daripada pada laki-laki, yang mungkin berhubungan dengan faktor hormon. Kondisi ini adalah penyebab paling umum dari aktivitas tiroid (hipotiroidism) di Amerika Serikat."
urinary tract infection,Bagaimana mendiagnosa Infeksi Tract Uriner Dalam Dewasa?,"Untuk mengetahui apakah seseorang memiliki UTI, penyedia kesehatan akan menanyakan gejala urinary dan kemudian menguji sampel urin untuk kehadiran bakteri dan sel darah putih, yang diproduksi oleh tubuh untuk melawan infeksi. Karena bakteri dapat ditemukan dalam urin individu sehat, UTI didiagnosis berdasarkan gejala dan tes laboratorium. Orang akan diminta untuk memberikan bersih menangkap sampel urin dengan mencuci daerah kelamin dan mengumpulkan midstream sampel urin dalam wadah steril."
stroke,Apa perawatan untuk Fibrilasi Atrial dan Stroke?,"Dalam beberapa jam setelah terkena stroke, pengobatan dengan obat atau perangkat yang larut atau memecah gumpalan darah dapat mengembalikan aliran darah ke otak dan menyebabkan pemulihan yang lebih baik. Untuk mencegah stroke terkait dengan AF, dokter sering resep obat untuk mencegah pembentukan gumpalan di jantung, yang dapat melakukan perjalanan ke otak dan menyebabkan stroke. Segera setelah stroke, dokter mungkin sementara mengelola heparin dengan injeksi, sementara mulai obat lisan untuk perlindungan jangka panjang dari pembekuan."
heart disease,Bagaimana mendiagnosa penyakit jantung?,"Doktermu akan mendiagnosa penyakit jantung diabetes (DHD) berdasarkan tanda-tanda dan gejala, riwayat medis dan keluarga, ujian fisik, dan hasil dari tes dan prosedur.

Dokter dan peneliti masih mencoba untuk mencari tahu apakah pengujian rutin untuk DHD akan menguntungkan orang-orang yang menderita diabetes tapi tidak ada gejala penyakit jantung.

Tes Awal

Tidak ada tes tunggal dapat mendiagnosa DHD, yang mungkin melibatkan penyakit jantung koroner (CHD), gagal jantung, dan / atau diabetes cardiomyopathy. Awalnya, dokter Anda mungkin merekomendasikan satu atau lebih dari tes berikut.

Pengukuran Tekanan Darah

Untuk mengukur tekanan darah Anda, dokter atau perawat Anda akan menggunakan beberapa jenis gauge, stetoskop (atau sensor elektronik), dan manset tekanan darah.

Kebanyakan, Anda akan duduk atau berbaring dengan manset di lengan Anda sebagai dokter atau perawat memeriksa tekanan darah Anda. Jika dia tidak memberitahu Anda apa nomor tekanan darah Anda, Anda harus bertanya.

Tes Darah

Tes darah memeriksa tingkat tertentu lemak, kolesterol, gula, dan protein dalam darah Anda."
hepatitis,Apa itu hepatitis non-a-e?,"Bukan-A- E hepatitis, kadang-kadang disebut sebagai hepatitis X, adalah penyakit hati yang didiagnosis ketika ada pembengkakan hati (hepatitis) tapi pemeriksaan dan pengujian tidak mengidentifikasi penyebab. Gejala hepatitis A- E tidak mungkin termasuk merasa lelah atau tidak sehat (malaise), mual, muntah, sakit di perut, dan demam. Hepatitis Non-A- E biasanya pergi sendiri, tetapi dapat menjadi kondisi kronis dalam proporsi kecil (12%) dari individu yang terpengaruh."
fever,Siapa yang beresiko terkena demam berdarah Alkhurma?,"Transmisi AHFV tidak dipahami dengan baik. AHFV adalah virus zoonotik, dan Host tick yang dijelaskan (soft tick Ornithodoros savgnyi dan tick Hyalomma dromedari) tersebar luas. Orang bisa terinfeksi melalui gigitan kutu atau ketika menghancurkan kutu yang terinfeksi."
migraine,Apa perubahan genetik yang berkaitan dengan sporadis hemiplegic migrain?,Mutasi dalam gen ATP1A2 dan CaCNA1A telah ditemukan menyebabkan migrain hemiplegic sporadis. Protein yang dihasilkan dari gen ini transportasi atom bermuatan (ion) melintasi membran sel. Gerakan ion ini sangat penting untuk sinyal normal antara sel saraf (neuron) di otak dan bagian lain dari sistem saraf.
pregnancy,Apa itu (adalah) kolestasis intrahepatik kehamilan?,"Protestasis kehamilan intrahepatik (ICP) adalah gangguan hati yang terjadi pada wanita selama kehamilan. Cholestasis adalah kondisi yang merusak pelepasan empedu (cairan pencernaan) dari sel hati. empedu kemudian membangun di hati, fungsi hati merusak."
urinary tract infection,Apa yang menyebabkan Apa yang saya perlu tahu tentang Infeksi Traktur Urin Anak saya?,"Kebanyakan Utis disebabkan oleh bakteri yang hidup di usus, bagian saluran pencernaan di mana kotoran diubah dari cairan ke padat. Bakteri Escherichia coli (E. coli) menyebabkan sebagian besar UTI."
urinary tract infection,Berapa banyak orang yang terpengaruh oleh infeksi Tract Uriner pada orang dewasa?,"Infeksi saluran urinary adalah jenis infeksi paling umum kedua dalam tubuh, akuntansi sekitar 8.1 juta kunjungan ke penyedia layanan kesehatan setiap tahun. 1 Perempuan khususnya rentan terhadap UTI karena alasan anatomi. Salah satu faktor adalah bahwa perempuan urethra lebih pendek, memungkinkan bakteri lebih cepat akses ke kandung kemih. Juga, pembukaan urethral wanita adalah dekat sumber bakteri dari anus dan vagina."
migraine,Apa gejala migrain hemiplegic tipe 1?,Apa tanda-tanda dan gejala migrain hemiplegic Familial tipe 1? Gejala dan keparahan dapat bervariasi di antara orang dengan migrain hemiplegic. Tanda dan gejala yang berhubungan dengan aura mungkin termasuk: gangguan visual (misalnya
pneumonia,Apa yang menyebabkan Cryptogenic mengorganisir pneumonia?,"Apa yang menyebabkan kriptogenik mengorganisir pneumonia? Penyebab utama dari pengorganisasian pneumonia kriptogenik (COP) tidak diketahui (idiopathic). Memorganisir pneumonia secara khusus didiagnosis sebagai COP ketika, di antara karakteristik lain, tidak ada penyebab pasti untuk pneumonia terorganisir ditemukan."
depression,penelitian apa yang sedang dilakukan untuk depresi?,"Memperlakukan Studi Tua Dewasa menunjukkan bahwa mayoritas orang dewasa dengan depresi meningkat ketika mereka menerima pengobatan dengan antidepresi, psikoterapi atau kombinasi keduanya. Selain itu, penelitian telah menunjukkan bahwa mengobati depresi pada orang tua sering meningkatkan hasil dari kondisi medis yang sudah ada. Beberapa penelitian juga menyarankan bahwa risiko untuk mengembangkan depresi pada orang-orang yang telah mengalami stroke dapat berkurang jika mereka menerima pengobatan pencegahan dengan antidepresi atau terapi bicara."
cholesterol,Apakah Hyperkolesterolemia Familial diwariskan?,Bagaimana keluarga hiperkolesterolemia mewarisi? Familial hyperkolesterolemia (FH) biasanya diwarisi dengan cara dominan otomatis (dalam hal ini disebut sebagai FH heterozigot). Individu mewarisi dua salinan setiap gen (satu dari setiap orang tua).
migraine,Apa perawatan untuk Migraine?,"Tidak ada obat mutlak untuk migrain karena pathysiologi belum sepenuhnya dipahami. Ada dua cara untuk mendekati perawatan sakit kepala migrain dengan obat-obatan: mencegah serangan, atau meringankan gejala selama serangan. Pencegahan melibatkan penggunaan obat dan perubahan perilaku."
pregnancy,Apa perawatan untuk kolestasis intrahepatik kehamilan?,"Bagaimana mungkin gangguan kolestasis kehamilan diobati? Pengobatan untuk kolestasis kehamilan intrahepatik bertujuan untuk mengurangi gatal dan mencegah komplikasi. Pengobatan digunakan untuk mengurangi gatal mungkin termasuk ursodiol (Actigall, Urso), yang membantu mengurangi tingkat empedu dalam aliran darah ibu, mengurangi gatal dan dapat mengurangi komplikasi bagi bayi."
heart disease,Apa pengobatan penyakit jantung pada wanita?,"Obat untuk penyakit jantung (CHD) biasanya sama untuk wanita dan pria. Pengobatan mungkin termasuk perubahan gaya hidup, obat-obatan, prosedur medis dan bedah, dan rehabilitasi jantung (rehabilitasi).

Tujuan pengobatan adalah:

Lepaskan gejala.

Kurangi faktor risiko dalam upaya untuk memperlambat, berhenti, atau membalikkan penumpukan plak.

Turunkan resiko pembekuan darah. Darah dapat menyebabkan serangan jantung.

Perlebar atau memotong plaque- tersumbat arteri koroner (jantung).

Mencegah komplikasi CHD.

Perubahan Gaya Hidup

Membuat perubahan gaya hidup dapat membantu mencegah atau mengobati CHD."
asthma,Apa itu Asma in Children?,"Asma adalah penyakit kronis yang mempengaruhi saluran napasmu. Saluran udara Anda adalah tabung yang membawa udara masuk dan keluar dari paru-paru Anda. Jika Anda memiliki asma, dinding dalam saluran udara Anda menjadi sakit dan bengkak."
cold,Apa gejala urtikaria Dingin?,"Apa tanda-tanda dan gejala urtikaria dingin? Tanda-tanda dan gejala urtikaria dingin dan parahnya kondisi bervariasi. Orang-orang yang berpengaruh umumnya tumbuh kemerahan, welts gatal (sarang) dan / atau pembengkakan ketika kulit terkena dingin."
hepatitis,Apa perawatan untuk Apa yang saya perlu tahu tentang Hepatitis C?,"Hepatitis C biasanya tidak diobati kecuali menjadi kronis. Hepatitis kronis C diperlakukan dengan obat-obatan yang lambat atau menghentikan virus dari merusak hati. Doktermu akan memperhatikan secara ketat gejala dan jadwal tes darah rutin untuk memastikan pengobatannya bekerja.

Obat-obatan untuk Hepatitis Kronic C

Hepatitis C yang kronis sering diobati dengan kombinasi obat yang menyerang virus hepatitis C."
hepatitis,Apa perawatan untuk Autoimun Hepatitis?,"Perawatan untuk hepatitis autoimun termasuk pengobatan untuk menekan, atau memperlambat, sistem kekebalan tubuh yang terlalu aktif. Pengobatan mungkin juga termasuk transplantasi hati.

Pengobatan bekerja lebih baik ketika autoimun hepatitis didiagnosis lebih awal. Orang dengan hepatitis autoimun umumnya merespon untuk pengobatan standar dan penyakit dapat dikendalikan dalam kebanyakan kasus."
hepatitis,Apa itu (adalah) Hepatitis B: Apa itu Asia dan Pasifik Islander Amerika Perlu Tahu?,"Hepatitis B adalah penyakit hati yang menyebar melalui kontak darah, sperma, atau cairan tubuh lainnya dari seseorang yang terinfeksi dengan virus Hepatitis B. Penyakit ini paling sering disebarkan dari seorang ibu yang terinfeksi ke bayinya saat lahir. Hepatitis B juga menyebar melalui seks, wound- to-luka kontak, dan kontak dengan item yang mungkin memiliki darah pada mereka, seperti pisau cukur, sikat gigi, jarum suntik, dan tato dan jarum menusuk tubuh.

Hepatitis B tidak menyebar melalui kontak kasual seperti berjabat tangan atau memeluk, juga tidak menyebar dengan berbagi makanan atau minuman, dengan bersin dan batuk, atau melalui menyusui."
back pain,Apakah itu sakit punggung?,"Jika Anda pernah mengerang, ""Oh, sakit kembali!"", Anda tidak sendirian. Sakit punggung adalah salah satu masalah medis yang paling umum, mempengaruhi 8 dari 10 orang pada beberapa titik selama hidup mereka. Sakit punggung bisa berkisar dari membosankan, sakit yang konstan untuk tiba-tiba, sakit tajam."
thyroid,Apa yang harus dilakukan untuk Hyperthyroidism?,"Para ahli merekomendasikan orang makan diet seimbang untuk mendapatkan sebagian besar nutrisi. Informasi lebih lanjut tentang diet dan gizi disediakan oleh Perpustakaan Pertanian Nasional di www.nutrisi on.gov

Suplemen Dieter

Iodin adalah mineral penting untuk tiroid. Namun, orang dengan penyakit tiroid autoimun mungkin sensitif terhadap efek samping berbahaya dari yodium."
bronchitis,Apa yang menyebabkan Bronchitis?,"Acute Bronchitis

Infeksi atau iritasi paru-paru menyebabkan bronhitis akut. Virus yang sama yang menyebabkan flu dan flu adalah penyebab yang paling umum dari bronkitis akut. Terkadang bakteri dapat menyebabkan kondisi.

Beberapa zat dapat mengganggu paru-paru dan saluran udara Anda dan meningkatkan risiko untuk bronkitis akut."
lupus,Apa gejala Lupus?,Apa tanda-tanda dan gejala Lupus? Anda dapat membaca tentang tanda-tanda dan gejala lupus dari MedlinePlus dan National Institute of Arthritis dan Musculoskeletal dan Skin Diserses (NIAMS). The Human Phenotype Ontology menyediakan daftar berikut tanda-tanda dan gejala-gejala untuk Lupus.
flu,Apa perawatan untuk 2009 H1N1 Flu?,"Konten pada halaman ini dikembangkan selama pandemi H1N1 tahun 2010 dan belum diperbarui.

- Virus H1N1 yang menyebabkan pandemi sekarang virus flu manusia biasa dan terus beredar di seluruh dunia.
- Isi bahasa Inggris di situs ini sedang diarsipkan untuk tujuan bersejarah dan referensi saja."
fever,Apakah demam keluarga Mediterania diwariskan?,"Demam Mediterania yang umum hampir selalu diwarisi dalam pola resesif otomatis, yang berarti kedua salinan gen MEFV di setiap sel memiliki mutasi. Orang tua dari seorang individu dengan kondisi resesif otomatis masing-masing membawa satu salinan gen bermutasi, tetapi mereka biasanya tidak menunjukkan tanda-tanda dan gejala kondisi. Dalam kasus langka, kondisi ini tampaknya akan diwariskan dalam pola dominan automal."
thyroid,Apa perawatan untuk Hashimoto thyroiditis?,Sumber daya ini mengatasi diagnosis atau manajemen dari Hashimoto thyroiditis: - Asosiasi Thyroid Amerika: Tes Fungsi Thyroid - Restry Genetik: Hashimoto thyroiditis - National Institute of Diabetes and Digeptical and Kidney Discease: Thyroid Fungsi Test Sumber daya dari MedlinePlus menawarkan informasi tentang diagnosis dan manajemen dari berbagai kondisi kesehatan: - Tes Diagnostik - Terapi Obat - Operasi dan Rehabilitasi - Genetik Konseling - Perawatan Palliative
arthritis,Berapa banyak orang yang terkena radang sendi?,"Rheumatoid arthritis mempengaruhi sekitar 1,3 juta orang dewasa di Amerika Serikat. Di seluruh dunia, diperkirakan terjadi hingga 1 persen populasi. Penyakit ini dua sampai tiga kali lebih umum pada wanita daripada pada pria, yang mungkin berhubungan dengan faktor hormon."
reflux,Apa yang harus dilakukan untuk Vesicoureteral Reflux?,"Makan, diet, dan nutrisi belum ditunjukkan untuk memainkan peran dalam menyebabkan atau mencegah VUR."
urinary tract infection,Bagaimana mencegah infeksi Tract Uriner Dalam Dewasa?,"Mengubah beberapa kebiasaan sehari-hari dapat membantu seseorang mencegah UTI berulang.

Makan, Diet, dan Nutrition

Minum banyak cairan dapat membantu flush bakteri dari sistem. Air yang terbaik. Kebanyakan orang harus mencoba untuk enam sampai delapan, 8- ons gelas sehari."
migraine,Apa itu (adalah) migrain hemiplegik tipe 1?,"Familial hemiplegic migrain (FHM) adalah bentuk dari sakit kepala migrain yang berjalan dalam keluarga. Migrain biasanya menyebabkan rasa sakit yang intens, berdenyut di salah satu bagian kepala, sering disertai dengan mual, muntah, dan sensitivitas ekstrim terhadap cahaya dan suara. Sakit kepala berulang ini biasanya dimulai di masa kanak-kanak atau remaja dan mungkin bertahan dari beberapa jam ke beberapa hari."
thyroid,Apa gejala Pseudohypoparatyroidism tipe 1A?,"Apa tanda-tanda dan gejala Pseudohypoparatyroidism tipe 1A? Ontologi Phenotype Manusia menyediakan daftar tanda-tanda dan gejala-gejala berikut bagi Pseudohypoparatyroidism tipe 1A. Jika informasi tersedia, tabel di bawah ini termasuk seberapa sering gejala terlihat pada orang dengan kondisi seperti ini."
migraine,Apakah migrain hemiplegic familial diwariskan?,"Kondisi ini diwariskan dalam pola dominan otomatis, yang berarti satu salinan gen yang diubah dalam setiap sel cukup untuk menyebabkan gangguan. Dalam kebanyakan kasus, individu yang terpengaruh memiliki satu orang tua yang terpengaruh. Namun, beberapa orang yang mewarisi gen yang berubah tidak pernah mengembangkan fitur migrain hemiplegic familial."
cholesterol,Apakah Anda memiliki informasi tentang Kolesterol,"Summary: kolesterol adalah zat berbentuk lilin, gemuk seperti yang terjadi secara alami di semua bagian tubuh. Tubuhmu membutuhkan kolesterol untuk bekerja dengan baik. Tetapi jika Anda memiliki terlalu banyak dalam darah Anda, dapat menggabungkan dengan zat lain dalam darah dan menempel ke dinding arteri Anda."
diarrhea,Apa itu Chronic Diare in Children?,"Diare longgar, kotoran air. Kronic, atau tahan lama, diare biasanya berlangsung selama lebih dari 4 minggu. Anak-anak dengan diare kronis mungkin telah kehilangan, bangku berair terus-menerus, atau diare mungkin datang dan pergi."
arthritis,penelitian apa (atau uji klinis) sedang dilakukan untuk Rheumatoid arthritis?,Para ilmuwan membuat kemajuan cepat dalam memahami kompleksitas rheumatoid arthritis. Mereka belajar lebih banyak tentang bagaimana dan mengapa hal itu berkembang dan mengapa beberapa orang memiliki gejala yang lebih parah daripada yang lain. Upaya penelitian berfokus pada mengembangkan obat yang dapat mengurangi peradangan dan lambat atau menghentikan penyakit dengan beberapa efek samping.
heart disease,Siapa yang beresiko untuk Coronary Heart Disease Resiko Factors?,"Tingkat Darah Tinggi Kolesterol dan Triglyceride

Kolesterol

Kolesterol darah tinggi adalah kondisi di mana darah Anda memiliki terlalu banyak kolesterola waxy, lemak seperti substansi. Semakin tinggi tingkat kolesterol darah Anda, semakin besar risiko penyakit jantung koroner (CHD) dan serangan jantung.

Kolesterol melakukan perjalanan melalui aliran darah dalam paket kecil yang disebut lipoproteins. Dua jenis lipopoprotein utama membawa kolesterol ke seluruh tubuh Anda:

Lower-density lipoproteins (LDL)."
hepatitis,Apa itu (adalah) Hepatitis C?,"Hati Anda adalah organ terbesar dalam tubuh Anda. Ini membantu tubuhmu mencerna makanan, menyimpan energi, dan menghilangkan racun. Hepatitis adalah peradangan hati."
hepatitis,Bagaimana mendiagnosa Autoimun Hepatitis?,"Penyedia layanan kesehatan akan membuat diagnosis hepatitis autoimun berdasarkan gejala, pemeriksaan fisik, tes darah, dan biopsi hati.

Penyedia layanan kesehatan melakukan pemeriksaan fisik dan meninjau riwayat kesehatan orang itu, termasuk penggunaan alkohol dan obat-obatan yang dapat membahayakan hati. Seseorang biasanya membutuhkan tes darah untuk diagnosis yang tepat karena seseorang dengan hepatitis autoimun dapat memiliki gejala yang sama dengan penyakit hati lainnya atau kelainan metabolis.

Tes darah. Tes darah melibatkan penggambar darah di kantor penyedia kesehatan atau fasilitas komersial dan mengirim sampel ke laboratorium untuk dianalisis."
fever,Apa itu Hay Fever?,"Setiap musim semi, musim panas, dan gugur, pohon-pohon, gulma, dan rumput melepaskan serbuk sari kecil ke udara. Beberapa serbuk sari berakhir di hidung dan tenggorokanmu. Ini bisa memicu alergi yang disebut alergi."
heart disease,"Apa itu ""Coronary Heart Disease Resiko Factors""?","Faktor resiko penyakit jantung adalah kondisi atau kebiasaan yang meningkatkan risiko penyakit jantung koroner (CHD) dan serangan jantung. Faktor risiko ini juga meningkatkan kesempatan bahwa CHD yang ada akan memburuk.

CHD, juga disebut penyakit arteri koroner, adalah kondisi di mana zat lilin disebut plak (plak) membangun di dinding dalam arteri koroner. Arteri ini memasok oksigen - kaya darah otot jantung Anda.

Plaque mempersempit arteri dan mengurangi aliran darah ke otot jantung Anda."
heart disease,Siapa yang beresiko terkena penyakit jantung pada wanita?,"Beberapa sifat, kondisi, atau kebiasaan mungkin meningkatkan risiko Anda penyakit jantung koroner (CHD). Kondisi ini dikenal sebagai faktor risiko. Faktor resiko juga meningkatkan kesempatan bahwa CHD yang ada akan memburuk.

Wanita umumnya memiliki CHD yang sama risiko faktor sebagai laki-laki."
arthritis,Apa (adalah) enthesits - terkait remaja idiopati arthritis?,"Enthesitis- terkait remaja idiopatik arthritis adalah subtype remajineiopathic arthritis yang ditandai oleh arthritis dan peradangan dari situs enthesitis (titik di mana ligamen, tendon, atau kapsul gabungan menempel ke tulang). Tanda-tanda dan gejala umumnya berkembang pada akhir masa kanak-kanak atau awal remaja dan termasuk rasa sakit, kelembutan, dan pembengkakan sendi dan pada entesis. Lutut dan punggung pergelangan kaki (di tendon Achilles) adalah bagian yang paling sering terpengaruh dari tubuh."
urinary tract infection,Siapa yang beresiko terkena infeksi Tract urinary pada anak-anak?,"Sepanjang masa kanak-kanak, risiko memiliki UTI adalah 2 persen untuk anak laki-laki dan 8 persen untuk anak perempuan. Memiliki anomali saluran kencing, seperti refluks urin dari kandung kemih kembali ke saluran pembuangan, meningkatkan risiko UTI. Anak laki-laki yang lebih muda dari 6 bulan yang tidak disunat berada pada risiko yang lebih besar untuk UTI daripada disunat anak laki-laki usia yang sama. 1"
asthma,Siapa yang beresiko untuk Asthma?,"Asma mempengaruhi orang-orang dari segala usia, tapi itu sering dimulai selama masa kanak-kanak. Di Amerika Serikat, lebih dari 22 juta orang dikenal menderita asma. Hampir 6 juta orang ini adalah anak-anak.

Anak-anak muda yang sering mengeluh dan memiliki infeksi pernapasan serta beberapa faktor risiko lainnya pada risiko tertinggi asma berkembang yang terus melampaui 6 tahun."
fever,Apa itu Vaksin Demam Kuning?,"Jika Anda terus hidup atau bepergian di daerah demam kuning-endemik, Anda akan menerima vaksin demam kuning setelah 10 tahun.

Setelah menerima vaksin, Anda harus menerima Sertifikat Internasional Vakination (kartu kuning) yang telah disahkan oleh pusat vaksinasi. Sertifikat ini menjadi valid 10 hari setelah vaksinasi dan berlangsung selama 10 tahun. Anda akan membutuhkan kartu ini sebagai bukti vaksinasi untuk memasuki negara-negara tertentu."
pregnancy,Apakah kolestasis intrahepatik dari kehamilan diwariskan?,"Susceptibility ke kolestasis kehamilan intrahepatik adalah warisan dalam pola dominan otomatis, yang berarti satu salinan gen yang diubah di setiap sel cukup untuk meningkatkan risiko mengembangkan gangguan. Beberapa wanita dengan gen yang berubah tidak mengembangkan kolestasis intrahepatik kehamilan. Banyak faktor lain kemungkinan berkontribusi untuk risiko mengembangkan gangguan kompleks ini."
hepatitis,Bagaimana mendiagnosa tidak beralkohol Steatohepatitis?,"NASH biasanya dicurigai pertama kali oleh orang yang ditemukan memiliki peningkatan dalam tes hati yang disertakan dalam panel tes darah rutin, seperti alanine aminotransferase (ALT) atau aspartate aminotransferase (AST). Ketika evaluasi lebih lanjut tidak menunjukkan alasan jelas untuk penyakit hati (seperti obat, hepatitis virus, atau penggunaan alkohol yang berlebihan) dan ketika x ray atau pencitraan studi hati menunjukkan lemak, NASH dicurigai. Satu-satunya cara untuk membuktikan diagnosis NASH dan memisahkannya dari hati lemak sederhana adalah biopsi hati."
thyroid,Berapa banyak orang yang terpengaruh oleh keluarga terisolasi hiperparathiroidism?,Prevalence dari keluarga terisolasi hyperparatyroidism tidak diketahui.
eye infection,Apa itu Infeksi Mata?,"Mata Anda bisa mendapatkan infeksi dari bakteri, jamur, atau virus. Infeksi mata dapat terjadi di berbagai bagian mata dan dapat mempengaruhi hanya satu mata atau keduanya. Dua infeksi mata umum - konjungtivitis - juga dikenal sebagai pinkeye."
diarrhea,Apa gejala yang harus kuketahui tentang Diare?,"Selain melewati sering, bangku longgar, gejala lainnya mungkin termasuk

- kram atau sakit di abdomenthe daerah antara dada dan pinggul - kebutuhan mendesak untuk menggunakan kamar mandi - kehilangan kontrol usus

Kau mungkin merasa mual atau dehidrasi. Jika virus atau bakteri adalah penyebab diare Anda, Anda mungkin demam, menggigil, dan berdarah bangku.

Dehidrasi

Menjadi dehidrasi berarti tubuhmu tidak memiliki cukup cairan untuk bekerja dengan baik. Setiap kali Anda memiliki gerakan usus, Anda kehilangan cairan."
diarrhea,Apa yang harus dilakukan untuk Chronic Diare di Anak-anak?,Penyedia layanan kesehatan mungkin merekomendasikan perubahan diet anak-anak untuk mengobati penyebab diare kronis. Memastikan anak-anak menerima nutrisi yang tepat sangat penting bagi pertumbuhan dan pembangunan. Orang tua atau pengurus anak harus berbicara dengan penyedia layanan kesehatan tentang mengubah pola makan anak untuk mengobati diare kronis.
bronchitis,Bagaimana mendiagnosa Bronchitis?,"Dokter Anda biasanya akan mendiagnosa bronhitis berdasarkan tanda-tanda dan gejala. Dia atau dia mungkin mengajukan pertanyaan tentang batuk Anda, seperti berapa lama Anda memilikinya, apa yang Anda batuk, dan berapa banyak Anda batuk.

Doktermu juga akan bertanya:

Tentang riwayat medismu.

Apakah Anda baru-baru ini memiliki flu atau flu

Apakah Anda merokok atau menghabiskan waktu di sekitar orang lain yang merokok

Apakah Anda sudah terkena debu, asap, uap, atau polusi udara

Dokter Anda akan menggunakan stetoskop untuk mendengarkan derezing (suara bersiul atau melengking ketika Anda bernapas) atau suara abnormal lainnya di paru-paru Anda. Dia atau dia juga mungkin:

Lihatlah lendir Anda untuk melihat apakah Anda memiliki infeksi bakteri

Uji kadar oksigen dalam darah Anda menggunakan sensor melekat pada ujung jari atau jari kaki Anda

Sarankan sinar x dada, tes fungsi paru-paru, atau tes darah"
migraine,Apa itu (adalah) migrain hemiplegic tipe 3?,"Familial hemiplegic migrain (FHM) adalah bentuk dari sakit kepala migrain yang berjalan dalam keluarga. Migrain biasanya menyebabkan rasa sakit yang intens, berdenyut di salah satu bagian kepala, sering disertai dengan mual, muntah, dan sensitivitas ekstrim terhadap cahaya dan suara. Sakit kepala berulang ini biasanya dimulai di masa kanak-kanak atau remaja dan mungkin bertahan dari beberapa jam ke beberapa hari."
migraine,Apa itu migrain hemiplegic?,"Familial hemiplegic migrain (FHM) adalah bentuk dari sakit kepala migrain yang berjalan dalam keluarga. Migrain biasanya menyebabkan rasa sakit yang intens, berdenyut di salah satu bagian kepala, sering disertai dengan mual, muntah, dan sensitivitas ekstrim terhadap cahaya dan suara. Sakit kepala berulang ini biasanya dimulai di masa kanak-kanak atau remaja dan mungkin bertahan dari beberapa jam ke beberapa hari."
tuberculosis,Apa perawatan untuk Tuberkulosis (TB)?,"Tuberkulosis (TB) disebabkan oleh bakteri bernama Mycobacterium tuberkulosis. Bakteri biasanya menyerang paru-paru, tapi bakteri TB dapat menyerang setiap bagian tubuh seperti ginjal, tulang belakang, dan otak. Jika tidak diobati dengan benar, penyakit TB bisa berakibat fatal.

Tidak semua orang terinfeksi bakteri TB menjadi sakit."
arthritis,Bagaimana mendiagnosa Osteoarthritis?,"Tidak ada tes tunggal yang bisa mendiagnosis osteoarthritis. Ketika seseorang merasa sakit di sendi nya, mungkin atau tidak mungkin osteoarthritis. Dokter akan menggunakan kombinasi tes untuk mencoba menentukan apakah osteoarthritis menyebabkan gejala."
fever,Apa perawatan untuk demam Mediterania?,Sumber daya ini mengatasi diagnosis atau pengelolaan demam Mediterania: Sumber daya dari MedlinePlus menawarkan informasi tentang diagnosis dan manajemen dari berbagai kondisi kesehatan: - Tes Diagnostik - Terapi Obat - Operasi dan Rehabilitasi - Genetik Konseling - Perawatan Palliative
reflux,Apa perawatan untuk Vesicoureteral Reflux?,"Pengobatan standar untuk VUR utama telah termasuk pengobatan cepat dari UTI dan penggunaan antibiotik jangka panjang untuk mencegah UTI, juga disebut antimikroba prophylaxis, sampai VUR pergi sendiri. Antibiotik adalah bakteri-melawan obat. Operasi juga telah digunakan dalam kasus tertentu.

Beberapa studi telah menimbulkan pertanyaan tentang jangka panjang penggunaan antibiotik untuk pencegahan UTI."
migraine,Apa perubahan genetik yang berhubungan dengan migrain hemiplegic familial?,"Mutasi di CaCNA1A, ATP1A2, SCN1A, dan gen PRRT2 telah ditemukan untuk menyebabkan migrain hemiplegic familial. Tiga gen pertama memberikan instruksi untuk membuat protein yang terlibat dalam transportasi atom bermuatan (ion) melintasi membran sel. Gerakan ion ini sangat penting untuk sinyal normal antara sel saraf (neuron) di otak dan bagian lain dari sistem saraf."
high blood pressure,Apa yang menyebabkan Pulmonary Hypertensi?,"Pulmoner hipertensi (PH) dimulai dengan peradangan dan perubahan pada sel yang garis arteri pulmoner Anda. Faktor lain juga dapat mempengaruhi arteri pulmoner dan menyebabkan PH. Sebagai contoh, kondisi mungkin berkembang jika:

Dinding arteri mengencangkan.

Dinding arteri kaku saat lahir atau menjadi kaku dari pertumbuhan sel.

Darah pembekuan dalam arteri.

Perubahan ini membuat hatimu sulit untuk mendorong darah melalui arteri pulmoner dan ke paru-parumu."
lupus,Apa perawatan untuk Neurologis Sequelae Of Lupus?,"Tidak ada obat untuk lupus. Pengobatan adalah gejala. Dengan kombinasi obat, istirahat, olahraga, gizi yang tepat, dan pengelolaan stres, kebanyakan individu dengan lupus sering dapat mencapai remisi atau mengurangi tingkat gejala mereka."
migraine,Berapa banyak orang yang terkena migrain hemiplegic?,"Kehamilan migrain hemiplegic di seluruh dunia tidak diketahui. Penelitian menunjukkan bahwa di Denmark sekitar 1 sampai 10.000 orang mengalami migrain hemiplegic dan kondisi ini terjadi sama dengan keluarga dengan beberapa individu yang terkena dampak (migrain hemiplegic) dan secara individu yang tidak memiliki riwayat keluarga dari kondisi (hemiplegic hemiplegic migrain). Seperti bentuk migrain lain, migrain hemiplegic familial mempengaruhi perempuan lebih sering daripada laki-laki."
flu,Apakah Anda memiliki informasi tentang Flu Shot,Flu adalah infeksi pernapasan yang disebabkan oleh sejumlah virus. Kebanyakan orang dengan flu menjadi lebih baik pada mereka sendiri. Tapi itu bisa serius.
diarrhea,Apa perawatan untuk Apa yang saya perlu tahu tentang Diare?,"Diare diperlakukan dengan mengganti cairan yang hilang, garam, dan mineral untuk mencegah dehidrasi.

Mengambil obat untuk menghentikan diare dapat membantu dalam beberapa kasus. Obat yang dapat Anda beli tanpa resep termasuk loperamide (Imodium) dan subsalilasi bismuth (Pepto-Bismol, Kaopectate). Berhenti minum obat-obatan ini jika gejala memburuk atau diare berlangsung lebih dari 2 hari."
heart disease,Apa itu Penyakit Jantung Diabetik?,"Jika Anda memiliki diabetes atau pre- diabetes Anda memiliki peningkatan risiko penyakit jantung. Penyakit jantung Diabetik dapat berupa penyakit jantung koroner (CHD), gagal jantung, dan diabetes cardiomyopathy. Diabit menempatkan Anda dalam risiko penyakit jantung."
stroke,Apa itu lschemic Stroke?,stroke adalah keadaan darurat medis. Ada dua jenis iskemik dan hemoragik. stroke iskemik adalah jenis yang paling umum.
migraine,Apa gejala migrain hemiplegic tipe 3?,"Apa tanda-tanda dan gejala Familial hemiplegic migrain tipe 3? Ontologi Phenotype Manusia menyediakan daftar tanda-tanda dan gejala berikut untuk migrain hemiplegic tipe 3. Jika informasi tersedia, tabel di bawah ini termasuk seberapa sering gejala terlihat pada orang dengan kondisi seperti ini."
fever,Apa perawatan untuk demam berdarah Marburg (Marburg HF)?,"Tidak ada pengobatan khusus untuk demam berdarah Marburg. Terapi supportif rumah sakit harus dimanfaatkan, yang meliputi menyeimbangkan cairan pasien dan elektrolit, mempertahankan status oksigen dan tekanan darah, menggantikan darah dan faktor pembekuan yang hilang, dan pengobatan untuk setiap infeksi rumit.

Pengobatan percobaan divalidasi dalam model primata manusia yang bukan manusia, tapi belum pernah dicoba pada manusia."
cold,Apakah penyakit agglutinin Dingin diwariskan?,Apakah penyakit agglutinin dingin diwariskan? Penyakit agglutinin dingin bukanlah kondisi yang diwariskan. Hal ini ditunjuk sebagai baik primer (tak dikenal) atau kedua (terkait dengan atau disebabkan dengan kondisi lain).
insomnia,Apa gejala Insomnia?,"Gejala utama insomnia adalah masalah jatuh atau tetap tertidur, yang menyebabkan kurangnya tidur. Jika Anda memiliki insomnia, Anda mungkin:

Berbaring terjaga untuk waktu yang lama sebelum Anda tertidur

Tidur hanya untuk periode pendek

Jadilah terjaga untuk banyak malam

Merasa seolah-olah Anda belum tidur sama sekali

Bangun terlalu cepat

Kurangnya tidur dapat menyebabkan gejala lain. Anda mungkin bangun merasa lelah atau tidak baik-beristirahat, dan Anda mungkin merasa lelah di siang hari."
bronchitis,Apa itu Acute Bronchitis?,"Bronchitis adalah peradangan tabung bronkial, saluran udara yang membawa udara ke paru-paru Anda. Hal ini menyebabkan batuk yang sering membawa lendir. Hal ini juga dapat menyebabkan sesak napas, mengi, demam rendah, dan sesak dada."
stroke,Apa itu Stroke?,stroke adalah keadaan darurat medis. Ada dua jenis iskemik dan hemoragik. stroke hemorrhagic adalah jenis kurang umum.
pregnancy,Apakah itu Tumor dan Kehamilan?,"Tumor selama kehamilan jarang terjadi, tapi bisa terjadi. Tumor bisa baik jinak atau ganas. Tumor payudara bukan kanker."
arthritis,Apa itu Rheumatoid Arthritis?,"Sebuah Inflammatory, Penyakit Autoimun Rheumatoid arthritis adalah penyakit inflamasi yang menyebabkan rasa sakit, pembengkakan, kekakuan, dan kehilangan fungsi dalam sendi. Hal ini dapat menyebabkan gejala ringan. Rheumatoid arthritis tidak hanya mempengaruhi sendi, tetapi juga menyerang jaringan di kulit, paru-paru, mata, dan pembuluh darah."
arthritis,Apa itu? Arthritis remaja?,"Radang sendi anak-anak. Hal ini menyebabkan pembengkakan sendi, rasa sakit, kekakuan, dan hilangnya gerak. Hal ini dapat mempengaruhi sendi apapun, tetapi lebih umum di lutut, tangan, dan kaki."
cholesterol,Cholesterol Darah Tinggi?,Apa itu Kolesterol? Kolesterol adalah zat lilin dan lemak yang dibuat hatimu. Hal ini juga ditemukan dalam beberapa makanan yang berasal dari hewan.
cold,Apa yang menyebabkan urtikaria Dingin?,"Apa yang menyebabkan urtikaria dingin? Dalam kebanyakan kasus urtikaria dingin, penyebab yang mendasarinya kurang dipahami. Meskipun gejalanya dipicu oleh paparan kulit pada dingin (seringkali ketika suhu lebih rendah dari 39 derajat Fahrenheit), tidak jelas mengapa paparan ini menyebabkan reaksi yang signifikan."
lupus,Apa komplikasi Lupus Nephritis?,"Dalam banyak kasus, pengobatan efektif dalam sepenuhnya atau sebagian mengendalikan nefritis lupus, menghasilkan beberapa, jika ada, komplikasi lebih lanjut. Namun, bahkan dengan pengobatan, 10 sampai 30 persen orang dengan nefritis lupus mengembangkan gagal ginjal, digambarkan sebagai penyakit ginjal stadium akhir ketika dirawat dengan terapi penyaringan darah disebut dialisis atau transplantasi ginjal. 3 Ilmuwan tidak bisa memprediksi siapa yang akan atau tidak akan menanggapi pengobatan. Bentuk yang paling parah dari nefritis lupus adalah disebut nefritis proliferatif difusi."
pregnancy,Apakah Kehamilan dan Penampakan?,"Saat kau hamil, kau tidak hanya ""makan untuk dua orang"". Anda juga bernapas dan minum untuk dua, sehingga penting untuk hati-hati mempertimbangkan apa yang Anda berikan untuk bayi Anda. Jika Anda merokok, menggunakan alkohol atau mengambil obat-obatan ilegal, begitu juga bayi belum lahir Anda. Pertama, jangan merokok."
urinary tract infection,Apa itu infeksi Tract Uriner di orang dewasa?,"UTI adalah infeksi di saluran kencing. Infeksi yang disebabkan oleh mikrobesorganisme terlalu kecil untuk dilihat tanpa jamur mikroskosit termasuk virus, dan bakteri. Bakteri adalah penyebab paling umum dari UTI."
fever,Bagaimana mencegah demam berdarah Marburg (Marburg HF)?,"Tindakan pencegahan terhadap infeksi virus Marburg tidak didefinisikan dengan baik, sebagaimana transmisi dari satwa liar ke manusia tetap merupakan daerah penelitian yang sedang berlangsung. Namun, menghindari kelelawar buah, dan sakit bukan primata manusia di Afrika Tengah, adalah salah satu cara untuk melindungi dari infeksi.

Ukuran untuk pencegahan sekunder, atau pribadi-to-orang, transmisi mirip dengan yang digunakan untuk demam berdarah lainnya."
insomnia,Apa itu insomnia keluarga Fatal?,"Insomnia kerabat yang fatal (FFI) adalah penyakit prion yang mewarisi yang mempengaruhi otak dan bagian lain dari sistem saraf. Penyakit prion, juga dikenal sebagai transmissible spongiform encephalopathies (TSE), adalah sekelompok kondisi neurodegenerative langka yang terjadi ketika protein tidak normal bergabung dan menumpuk di otak, menyebabkan kerusakan jaringan. Gejala pertama FFI biasanya mulai di pertengahan kehidupan dan mungkin termasuk insomnia yang memburuk dari waktu ke waktu dan mimpi nyata ketika tidur tercapai."
bronchitis,Apa perawatan untuk Bronchitis?,"Tujuan utama untuk mengobati bronhitis akut dan kronis adalah untuk mengurangi gejala dan membuat bernapas lebih mudah.

Jika Anda memiliki bronhitis akut, dokter Anda mungkin merekomendasikan istirahat, banyak cairan, dan aspirin (untuk orang dewasa) atau acetaminophen untuk mengobati demam.

Antibiotik biasanya tidak diresepkan untuk bronkitis akut. Hal ini karena mereka tidak bekerja melawan virusesthe yang paling umum menyebabkan bronkitis akut. Namun, jika dokter Anda berpikir Anda memiliki infeksi bakteri, ia mungkin resep antibiotik.

Sebuah pelembab udara atau uap dapat membantu melonggarkan lendir dan meringankan Wheezing dan aliran udara terbatas."
heart disease,Apa pengobatan untuk Penyakit Jantung Diabetik?,"Diabetik penyakit jantung (DHD) diperlakukan dengan perubahan gaya hidup, obat-obatan, dan prosedur medis. Tujuan memperlakukan DHD termasuk:

Mengendalikan diabetes dan faktor risiko penyakit jantung lainnya, seperti kadar kolesterol darah yang tidak sehat dan tekanan darah tinggi

Mengurangi atau mengurangi gejala penyakit jantung, seperti angina (nyeri dada atau ketidaknyamanan)

Mencegah atau menunda komplikasi penyakit jantung, seperti serangan jantung

Memperbaiki jantung dan kerusakan arteri koroner

Mengikuti rencana perawatan dokter Anda merekomendasikan sangat penting. Dibandingkan dengan orang-orang yang tidak menderita diabetes, orang-orang yang menderita penyakit jantung dalam resiko yang lebih tinggi, memiliki penyebab tambahan dari penyakit jantung, dapat mengembangkan penyakit jantung pada usia yang lebih muda, dan mungkin memiliki penyakit jantung yang lebih parah.

Mengambil tindakan untuk mengelola beberapa faktor risiko membantu meningkatkan pandangan Anda."
arthritis,Apa gejala negatif faktor poliarthritis reumatoid?,"Apa tanda-tanda dan gejala reumatoid faktor polyarthritis negatif? The Human Phenotype Ontology menyediakan daftar tanda-tanda dan gejala-gejala negatif rheumatoid faktor polyarthritis. Jika informasi tersedia, tabel di bawah ini termasuk seberapa sering gejala terlihat pada orang dengan kondisi seperti ini."
pregnancy,Apa gejala dari kolestasis kehamilan Intrahepatik?,"Apa tanda-tanda dan gejala dari kolestasis intrahepatik kehamilan? Manusia Phenotype Ontology menyediakan daftar tanda-tanda dan gejala-gejala berikut untuk kolestasis intrahepatik kehamilan. Jika informasi tersedia, tabel di bawah ini termasuk seberapa sering gejala terlihat pada orang dengan kondisi seperti ini."
fever,Berapa banyak orang yang terkena demam keluarga Mediterania?,"Demam Mediterania yang populer mempengaruhi populasi yang berasal dari wilayah Mediterania, khususnya orang Armenia, Arab, Turki, atau nenek moyang Yahudi. Gangguan ini mempengaruhi 1 dari 200 sampai 1.000 orang di populasi ini. Hal ini kurang umum dalam populasi lain."
diarrhea,Apa yang harus dilakukan untuk Diare?,"Sampai diare menurun, menghindari kafein dan makanan yang berminyak, serat tinggi, atau manis dapat mengurangi gejala. Makanan ini bisa memperburuk diare. Beberapa orang juga memiliki masalah mencerna laktosa selama atau setelah pertarungan diare."
cholesterol,Apa perawatan untuk hyperkolesterolemia Familial?,Bagaimana mungkin hiperkolesterolemia familial diperlakukan? Tujuan keseluruhan pengobatan untuk hiperkolesterolema familial (FH) adalah menurunkan risiko untuk asterosklerosis (membangun -up plak dalam arteri) dengan menurunkan tingkat kolesterol LDL dalam aliran darah. Langkah pertama dalam pengobatan untuk individu dengan bentuk heterozigot (juga disebut bentuk dominan automal) adalah mengubah diet untuk mengurangi total lemak yang dimakan.
diarrhea,Apa gejala Chronic Diare di Anak-anak?,"Gejala yang menyertai diare kronis pada anak-anak tergantung pada penyebab diare. Gejala bisa termasuk

- kram - sakit perut - mual atau muntah - demam - menggigil - bangku berdarah

Anak-anak dengan diare kronis yang mengalami malsorpsi dapat mengalami

Memkembung dan pembengkakan, juga disebut distlets, perut - perubahan nafsu makan - berat badan atau berat badan yang buruk



Konsultan Pengelola Kesehatan A anak-anak harus berkonsultasi dengan penyedia layanan kesehatan jika anak - memiliki diare selama lebih dari 24 jam - lebih muda dari 6 bulan - telah menerima pengobatan dan diare bertahan Anak-anak dengan gejala berikut harus melihat penyedia kesehatan segera: - tanda-tanda malasorptionbloating dan pembengkakan perut, perubahan nafsu makan, atau berat badan yang buruk - sakit parah atau residu - demam 102 derajat yang lebih tinggi yang tersedia untuk kesehatan -"
lupus,Berapa banyak orang yang terpengaruh oleh lupus sistemik erythematosus?,"Untuk alasan yang tidak diketahui, di negara-negara Barat industri SLE telah menjadi 10 kali lebih umum selama 50 tahun terakhir. Sementara memperkirakan tingkat penyebarannya bervariasi, SLE diyakini mempengaruhi 14,6 sampai 68 sampai 100.000 orang di Amerika Serikat, dengan betina berkembang SLE lebih sering daripada laki-laki. Hal ini paling umum pada wanita yang lebih muda; namun, 20 persen kasus SLE terjadi pada orang-orang di atas usia 50."
urinary tract infection,Bagaimana mencegah infeksi Tract Uriner?,Mengubah beberapa kebiasaan sehari-hari dapat membantu mencegah infeksi saluran kencing (UTI). - Hapus dari depan ke belakang setelah menggunakan toilet. Perempuan harus menghapus dari depan ke belakang untuk menjaga bakteri dari masuk ke urethra.
cold,Apa perawatan untuk penyakit agglutinin Dingin?,"Bagaimana mungkin penyakit agglutinin dingin diobati? Perawatan penyakit agglutinin dingin tergantung pada banyak faktor termasuk tingkat parahnya kondisi, tanda-tanda dan gejala-gejala yang ada di setiap orang, dan penyebab-penyebab yang mendasarinya. Misalnya, pada mereka yang terkena penyakit agglutinin dingin sekunder, penting untuk mendiagnosa dan mengobati kondisi yang mendasarinya yang mungkin termasuk jenis kanker tertentu; bakteri, virus, atau infeksi parasit; dan / atau penyakit autoimun lainnya."
cholesterol,"Apa gejala hiperkolesterolemia, automal dominan?","Apa tanda-tanda dan gejala hiperkolesterolemia, automal dominan? The Human Phenotype Ontology menyediakan daftar tanda-tanda dan gejala-gejala hiperkolesterolemia, autosomal dominan. Jika informasi tersedia, tabel di bawah ini termasuk seberapa sering gejala terlihat pada orang dengan kondisi seperti ini."
high blood pressure,Bagaimana mencegah Tekanan Darah Tinggi dan Penyakit Ginjal?,"Cara terbaik untuk memperlambat atau mencegah penyakit ginjal dari tekanan darah tinggi adalah dengan mengambil langkah-langkah untuk menurunkan tekanan darah. Langkah-langkah ini termasuk kombinasi obat dan perubahan gaya hidup, seperti

- Makan sehat - aktivitas fisik - menjaga berat badan sehat - berhenti merokok - mengelola stres -

Tidak peduli apa penyebab penyakit ginjal, tekanan darah tinggi dapat meningkatkan kerusakan ginjal. Orang dengan penyakit ginjal harus menjaga tekanan darah mereka di bawah 140 / 90.4

Obat

Pengobatan bahwa tekanan darah rendah juga dapat memperlambat perkembangan penyakit ginjal."
diarrhea,Cara mencegah Apa yang saya perlu tahu tentang Diare?,"Dua jenis diare dapat mencegah virus diare dan pelancong diare.

Diare Rotavirus

Dua vaksin, RotaTeq dan Rotarix, melindungi dari virus rotaviru yang menyebabkan diare pada bayi dan anak-anak. RotaTeq diberikan kepada bayi dalam tiga dosis pada 2, 4, dan 6 bulan usia. Rotarix diberikan dalam dua dosis."
constipation,Apa itu? Sembelit?,Sembelit berarti bahwa seseorang memiliki tiga atau lebih sedikit gerakan usus dalam seminggu. Bangku bisa keras dan kering. Kadang-kadang menyakitkan untuk lulus.
psoriasis,Apa gejala Psoriasis?,"Bentuk psoriasis yang berbeda memiliki gejala yang berbeda. Dalam banyak kasus dokter Anda dapat mendiagnosa psoriasis berdasarkan tanda-tanda yang terlihat dalam ujian fisik serta gejala yang Anda jelaskan. Gejala Gejala paling umum psoriasis adalah - patch tebal, merah kulit - peradangan kulit - sisik perak - gatal - sakit."
pregnancy,Apa itu Kehamilan dan Penyakit Tiroid?,Penyakit tiroid adalah gangguan yang mempengaruhi kelenjar tiroid. Kadang-kadang tubuh menghasilkan terlalu banyak atau terlalu sedikit hormon tiroid. Hormon Thyroid mengatur metabolisme cara tubuh menggunakan energi dan mempengaruhi hampir semua organ dalam tubuh.
heart disease,Apa itu penyakit jantung pada wanita?,"Di Amerika Serikat, 1 dari 4 wanita meninggal karena penyakit jantung. Penyebab paling umum dari penyakit jantung pada pria dan wanita adalah mempersempit atau penyumbatan arteri koroner, pembuluh darah yang memasok darah ke jantung itu sendiri. Ini disebut penyakit arteri koroner, dan itu terjadi perlahan dari waktu ke waktu."
obesity,"Apakah yang membuat kalian berpaling, sehingga kalian menyekutukan mereka dengan Allah?","Obesitas berarti memiliki terlalu banyak lemak tubuh. Hal ini berbeda dari kelebihan berat badan, yang berarti berat badan terlalu banyak. Berat mungkin berasal dari otot, tulang, lemak, dan / atau air tubuh."
eczema,Apa itu Eczema?,"Eczema adalah istilah untuk beberapa jenis pembengkakan kulit. Eczema juga disebut dermatitis. Kebanyakan jenis menyebabkan kering, kulit gatal dan ruam di wajah, di dalam siku dan belakang lutut, dan pada tangan dan kaki."
heart disease,Bagaimana mendiagnosa Penyakit Jantung Coronary?,"Dokter Anda akan mendiagnosa penyakit jantung koroner (CHD) berdasarkan sejarah medis dan keluarga Anda, faktor risiko Anda untuk CHD, ujian fisik, dan hasil dari tes dan prosedur.

Tidak ada tes tunggal dapat mendiagnosa CHD. Jika dokter Anda berpikir Anda memiliki CHD, dia mungkin merekomendasikan satu atau lebih tes berikut.

EKG (Electrokardiogram)

Sebuah EKG adalah tes sederhana, tanpa rasa sakit yang mendeteksi dan mencatat aktivitas listrik jantung. Tes ini menunjukkan seberapa cepat jantung berdetak dan irama (stabil atau tidak teratur)."
fever,Apa gejala Q Fever?,"demam Q dapat menyebabkan penyakit akut atau kronis pada manusia, yang biasanya mendapatkan infeksi setelah kontak dengan hewan yang terinfeksi atau paparan terhadap lingkungan yang terkontaminasi. Gejala akut yang disebabkan oleh infeksi dengan Coxiella burnetii biasanya berkembang dalam waktu 2- 3 minggu dari paparan, meskipun sebanyak setengah dari manusia yang terinfeksi dengan * THC. burnetii tidak menunjukkan gejala."
obesity,Siapa yang beresiko kelebihan berat badan dan ketaatan?,"Menjadi gemuk atau obesitas bukanlah masalah kosmetik. Kondisi ini sangat meningkatkan risiko Anda untuk masalah kesehatan lainnya.

Berlebihan dan Obesit-Terkait Masalah Kesehatan dalam Dewasa

Penyakit Jantung Koronary

Sebagai indeks massa tubuh Anda meningkat, begitu juga risiko Anda untuk penyakit jantung koroner (CHD). CHD adalah kondisi di mana zat lilin disebut plak (plak) menumpuk di dalam arteri koroner."
stroke,Apa gejala Stroke?,"Tahu tanda-tanda mengetahui tanda-tanda peringatan stroke dan kontrol faktor risiko stroke dapat menurunkan risiko kematian atau cacat. Jika Anda menderita stroke, Anda mungkin tidak menyadarinya pada awalnya. Orang-orang di sekitarmu mungkin juga tidak mengetahuinya."
stroke,Apa itu (adalah) Mitokondrial encephalomyopathy asidosis dan stroke- seperti episode?,"Mitokondrial encephalomyopathy, laktat asidosis, dan stroke- seperti episode (MELAS) mempengaruhi banyak bagian tubuh, terutama otak dan sistem saraf (encephalo-) dan otot (mipopathy). Gejala biasanya dimulai di masa kanak-kanak dan mungkin termasuk kelemahan otot dan rasa sakit, sakit kepala berulang, kehilangan nafsu makan, muntah, dan kejang. Kebanyakan individu yang terkena pengalaman stroke-seperti episode dimulai sebelum usia 40."
lupus,Bagaimana mendiagnosa Lupus Nephritis?,"Lupus neurritis didiagnosis melalui urin dan tes darah dan biopsi ginjal:

- Urinalysis. Urinalysis sedang menguji sampel urin. Sampel urine dikumpulkan dalam wadah khusus di kantor penyedia kesehatan atau fasilitas komersial dan dapat diuji di lokasi yang sama atau dikirim ke laboratorium untuk dianalisis."
fever,"Apa perawatan untuk demam Periodic, sakit perut affat, faryngitis dan adenitis?","Bagaimana mungkin demam periodik, perasa sakit perut, faringitis dan adenitis serviks diobati? Pilihan perawatan yang telah berhasil meningkatkan gejala kondisi ini termasuk: oral steroid (prednisone atau prednisolone), tonsillectomy dengan adenoidectomy dan ciatridine."
osteoporosis,Apa itu Juvenile osteoporosis?,"Juvenile osteoporosis adalah kondisi demineralisasi tulang ditandai dengan rasa sakit di belakang dan ekstremitas, beberapa patah tulang, kesulitan berjalan, dan bukti osteoporosis. Gejala biasanya dikembangkan sebelum pubertas. Osteoporosis jarang pada anak-anak dan remaja."
urinary tract infection,Apa perawatan untuk Infeksi Tract Urinary?,"Karena kebanyakan Utis disebabkan oleh bakteri, bakteri-melawan obat yang disebut antibiotik adalah pengobatan biasa. Jenis pengobatan antibiotik dan panjang tergantung pada sejarah pasien dan jenis bakteri yang menyebabkan infeksi. Infeksi kandung kemih mungkin akan lebih baik jika mereka sendiri."
arthritis,Apa itu rheumatoid arthritis?,"Rheumatoid arthritis adalah penyakit yang menyebabkan radang kronis abnormal, terutama mempengaruhi sendi. Tanda-tanda dan gejala yang paling umum adalah rasa sakit, pembengkakan, dan kekakuan sendi. Sendi kecil di tangan dan kaki paling sering terlibat, meskipun lebih besar sendi (seperti bahu, pinggul, dan lutut) mungkin akan terlibat kemudian dalam penyakit ini."
pneumonia,Apa itu Bronchiolitis merusak pneumonia?,"Bronkiolitis melenyapkan pneumonia (BOOP) adalah penyakit paru-paru yang menyebabkan peradangan dalam tabung udara kecil (bronkioles) dan kantung udara (alveoli). BOOP biasanya berkembang dalam individu antara 40-60 tahun; namun gangguan dapat mempengaruhi individu dari setiap usia. Tanda-tanda dan gejala BOOP bervariasi tapi sering termasuk sesak napas, batuk kering, dan demam."
high blood pressure,Siapa yang beresiko terkena Pulmonary Hypertensi?,"Jumlah yang tepat dari orang yang memiliki hipertensi paru (PH) tidak diketahui.

Grup 1 arteri paru-paru hypertensi (PAH) tanpa penyebab diketahui jarang terjadi. Ini mempengaruhi wanita lebih sering daripada pria. Orang-orang yang memiliki kelompok 1 PAH cenderung kelebihan berat badan.

PH yang terjadi dengan penyakit lain atau kondisi yang lebih umum.

PH biasanya berkembang antara usia 20 dan 60, tetapi dapat terjadi pada usia apapun."
chickenpox,Apa itu cacar?,"Cacar adalah infeksi yang disebabkan oleh virus varicella-zoster. Kebanyakan kasus pada anak-anak di bawah usia 15 tahun, tetapi anak-anak yang lebih tua dan orang dewasa bisa mendapatkannya. Ini menyebar sangat mudah dari satu orang ke orang lain."
lupus,Apa pandangan untuk neurological Sequelae Of Lupus?,"Prognosis untuk lupus bervariasi luas tergantung pada organ yang terlibat dan intensitas reaksi inflamasi. Kursus lupus umumnya kronis dan kambuh, sering dengan periode panjang remisi. Kebanyakan individu dengan lupus tidak mengembangkan masalah kesehatan serius dan memiliki umur normal dengan kunjungan dokter periodik dan perawatan dengan berbagai obat."
high blood pressure,Bagaimana mencegah Tekanan Darah Tinggi?,Steps You Can Take Anda dapat mengambil langkah-langkah untuk mencegah tekanan darah tinggi dengan mengadopsi kebiasaan gaya hidup sehat ini. Ikuti rencana makan yang sehat. / Secara fisik aktif.
high blood pressure,Bagaimana mendiagnosa Tekanan Darah Tinggi?,"Jika Anda didiagnosis dengan tekanan darah tinggi, inilah pertanyaan untuk meminta dokter Anda. Berapa tekanan darahku? - Apa tujuan saya tekanan darah?"
cold,Apa perawatan untuk urtikaria Dingin?,"Bagaimana mungkin urticaria dingin diperlakukan? Pengobatan urtikaria dingin umumnya terdiri dari pendidikan pasien, menghindari skenario yang mungkin memicu reaksi (yaitu suhu dingin, air dingin), dan / atau obat-obatan."
pneumonia,Apa perawatan untuk Pneumonia?,"Perawatan untuk pneumonia tergantung pada jenis pneumonia yang Anda miliki dan seberapa parah itu. Kebanyakan orang yang telah berkomunikasi... mendapatkan pneumonia yang paling umum jenis pneumonia diperlakukan di rumah.

Tujuan pengobatan adalah untuk menyembuhkan infeksi dan mencegah komplikasi.

Treatment Umum

Jika kau terkena pneumonia, ikuti rencana pengobatanmu, ambil semua obat-obatan yang diresepkan, dan dapatkan perawatan medis yang berkelanjutan. Tanyakan dokter Anda ketika Anda harus jadwal perawatan followup."
heart disease,Apakah penyakit jantung bawaan kritis diwariskan?,"Kebanyakan kasus CCHD adalah sporadis, yang berarti mereka terjadi pada orang-orang tanpa sejarah gangguan dalam keluarga mereka. Namun, kerabat dekat orang-orang dengan CCHD mungkin memiliki risiko yang meningkat dilahirkan dengan cacat jantung dibandingkan dengan orang-orang di populasi umum."
high blood pressure,Apa itu Tekanan Darah Tinggi di Kehamilan?,"Jika kau hamil, tekanan darah tinggi bisa menyebabkan masalah bagimu dan bayimu yang belum lahir. Anda mungkin memiliki tekanan darah tinggi sebelum Anda hamil. Atau Anda mungkin mendapatkannya setelah Anda hamil - kondisi yang disebut hipertensi kehamilan."
heart disease,Berapa banyak orang yang terkena penyakit jantung bawaan?,"Cacat jantung adalah yang paling umum dari cacat lahir, akuntansi selama lebih dari 30 persen dari semua kematian bayi karena cacat lahir. CCHD mewakili beberapa yang paling serius jenis cacat jantung. Sekitar 7.200 bayi baru lahir, atau 18 per 10.000, di Amerika Serikat didiagnosis dengan CCHD setiap tahun."
urinary tract infection,Siapa yang beresiko atas apa yang ingin kuketahui tentang infeksi Traktur Urin Anak-ku?,"Setiap anak bisa mendapatkan UTI, meskipun anak perempuan mendapatkan UTI lebih sering daripada anak laki-laki.

Anak-anak dengan kondisi yang disebut refluks vesicoureteral (VUR) berada pada risiko yang lebih tinggi untuk UTI. VUR menyebabkan urine refluks pada titik di mana satu atau kedua ureter melekat ke kandung kemih. Ketika urin tetap di saluran kencing, bakteri memiliki kesempatan untuk tumbuh dan menyebar."
migraine,Apa perawatan untuk sporadis hemiplegic migrain?,Sumber daya ini mengatasi diagnosis atau manajemen migrain hemiplegic sporadis: Sumber daya dari MedlinePlus menawarkan informasi tentang diagnosis dan manajemen dari berbagai kondisi kesehatan: - Tes Diagnostik - Terapi Obat - Operasi dan Rehabilitasi - Genetik Konseling - Perawatan Palliative
pregnancy,Apa yang menyebabkan kolestasis Intrahepatik kehamilan?,"Apa yang menyebabkan gangguan kolestasis kehamilan? Sebagian besar, penyebab gangguan kolestasis kehamilan (ICP) tidak diketahui. ICP hadir di sekitar 1% kehamilan di Amerika Serikat."
stroke,Apakah Mitokondria encephalomyopathy asidosis lakosis dan stroke- seperti warisan episoda?,"Bagaimana mitokondria encephalomyopathy, asidosis laktat, dan stroke- seperti episode (MELAS) diwariskan? MELAS disebabkan oleh mutasi dalam DNA mitokondria (mtDNA) dan karenanya ditularkan oleh warisan ibu (juga disebut warisan mitokondria). Jenis warisan ini berlaku untuk semua kondisi yang disebabkan oleh gen dalam mtDNA."
stroke,Apa itu Atrial Fibrilasi dan Stroke?,"Sebuah fibrilasi (AF) menggambarkan cepat, tidak teratur pemukulan dari atrium kiri (ruang atas) jantung. Ini kontraksi cepat jantung lebih lemah dari kontraksi normal, menghasilkan aliran darah lambat di atrium. Kolam darah dan menjadi lemah dan dapat mengakibatkan pembentukan pembekuan darah."
stroke,Apa gejala dari mitokondria encephalomyopathy asidosis lakosis dan stroke- seperti episode?,"Apa tanda-tanda dan gejala Mitokondrial encephalomyopathy asidosis dan stroke- seperti episode? Tanda-tanda dan gejala MELAS sering muncul di masa kanak-kanak berikut periode perkembangan normal. Gejala awal mungkin termasuk kelemahan otot dan rasa sakit, sakit kepala berulang, kehilangan nafsu makan, muntah, dan kejang."
pneumonia,Apa gejala dari Bronchiolitis melenyapkan pengorganisasian pneumonia?,"Apa tanda-tanda dan gejala bronkiolitis penghapusan terorganisir pneumonia (BOOP)? Tanda dan gejala BOOP bervariasi. Beberapa orang dengan BOOP mungkin tidak memiliki gejala yang jelas, sementara yang lain mungkin mengalami gangguan pernapasan parah seperti dalam BOOP akut, rapidly-progresif."
high blood pressure,Siapa yang beresiko untuk Tekanan Darah Tinggi?,"Bukan bagian normal Aging Hampir 1 dari 3 orang dewasa Amerika memiliki tekanan darah tinggi. Banyak orang mendapatkan tekanan darah tinggi karena mereka mendapatkan lebih tua. Namun, mendapatkan tekanan darah tinggi bukan bagian normal dari penuaan."
high blood pressure,Apa perawatan untuk Tekanan Darah Tinggi?,"Tekanan darah tinggi diobati dengan perubahan gaya hidup dan obat-obatan. Pengobatan dapat membantu mengontrol tekanan darah, tetapi tidak akan menyembuhkan tekanan darah tinggi, bahkan jika tekanan darah Anda terlihat normal. Jika Anda berhenti pengobatan, tekanan darah Anda dan risiko untuk masalah kesehatan terkait akan meningkat."
diarrhea,Apa yang menyebabkan Apa yang saya perlu tahu tentang Diare?,"Penyebab diare termasuk

- bakteri dari makanan yang terkontaminasi atau air - virus yang menyebabkan penyakit seperti flu - parasit, yang merupakan organisme kecil ditemukan dalam makanan atau air - obat-obatan seperti antibiotik - masalah mencerna makanan tertentu - penyakit yang mempengaruhi perut, usus kecil, atau usus kecil, seperti Crohns penyakit - masalah dengan bagaimana fungsi usus besar, disebabkan oleh kelainan seperti sindrom usus yang terganggu

Kadang-kadang tidak ada alasan dapat ditemukan. Selama diare hilang dalam waktu 1 sampai 2 hari, menemukan penyebabnya tidak biasanya diperlukan."
heart disease,Apa pengobatan untuk Penyakit Jantung Coronary?,"Perawatan untuk penyakit jantung koroner termasuk perubahan gaya hidup sehat, obat-obatan, prosedur medis dan operasi, dan rehabilitasi jantung. Tujuan pengobatan mungkin termasuk:

Menurunkan risiko pembekuan darah membentuk (pembekuan darah dapat menyebabkan serangan jantung)

Mencegah komplikasi penyakit jantung koroner

Mengurangi faktor risiko dalam upaya untuk memperlambat, berhenti, atau membalikkan penumpukan plak

Mengambil gejala

Mengelas atau melewati arteri tersumbat



Perubahan Gaya Hidup Sehat

Doktermu mungkin merekomendasikan perubahan gaya hidup yang sehat jika kau terkena penyakit jantung koroner. Gaya hidup sehat hati, termasuk:

Hati - makan sehat

Menjaga berat badan yang sehat

Mengatur stres

Aktivitas fisik

Berhenti merokok



Makan Hati-Sehat

Doktermu mungkin merekomendasikan makanan sehat, yang seharusnya termasuk:

Bebas lemak atau rendah lemak produk susu, seperti lemak gratis susu

Ikan tinggi di omega- 3 asam lemak, seperti salmon, tuna, dan trout, sekitar dua kali seminggu

Buah, seperti apel, pisang, jeruk, pir, dan prunes

Legumes, seperti kacang ginjal, lentil, kacang polong, kacang polong bermata hitam, dan kacang lima

Sayuran, seperti brokoli, kubis, dan wortel

Seluruh gandum, seperti oatmeal, beras cokelat, dan jagung tortilla

Ketika mengikuti diet yang sehat hati, Anda harus menghindari makan:

Banyak daging merah

Palm dan minyak kelapa

Sarankan makanan dan minuman

Dua nutrisi dalam diet Anda membuat kadar kolesterol darah meningkat:

Asam jenuh sebagian besar dalam makanan yang berasal dari hewan

lemak trans (asam lemak trans) ditemukan dalam makanan yang terbuat dengan minyak hidrogenasi dan lemak, seperti tongkat margarin; makanan panggang, seperti kue, kue, dan kue; kerupuk; es; dan pembuat kopi."
high blood pressure,Apakah arteri paru-paru warisan hipertensi?,"Hipertensi pulmoner biasanya sporadis, yang berarti itu terjadi pada individu tanpa sejarah keluarga yang diketahui gangguan. Kasus-kasus non-familial ini digambarkan sebagai idiopathic pulmoner arteri hypertensi. Sekitar 20 persen dari kasus-kasus ini disebabkan oleh mutasi pada salah satu gen yang diketahui terkait dengan penyakit, tetapi sebagian besar waktu mutasi gen kausatif belum diidentifikasi."
migraine,Apa itu migrain tipe 2?,"Familial hemiplegic migrain (FHM) adalah bentuk dari sakit kepala migrain yang berjalan dalam keluarga. Migrain biasanya menyebabkan rasa sakit yang intens, berdenyut di salah satu bagian kepala, sering disertai dengan mual, muntah, dan sensitivitas ekstrim terhadap cahaya dan suara. Sakit kepala berulang ini biasanya dimulai di masa kanak-kanak atau remaja dan mungkin bertahan dari beberapa jam ke beberapa hari."
anxiety,Apa perawatan untuk Gangguan Kecemasan?,"Kebanyakan rencana asuransi, termasuk organisasi perawatan kesehatan (HMO), akan mencakup perawatan untuk gangguan kecemasan. Periksa dengan perusahaan asuransimu dan cari tahu. Jika Anda tidak memiliki asuransi, divisi Layanan Kesehatan dan Human pemerintah daerah Anda dapat menawarkan layanan kesehatan mental di pusat kesehatan publik yang menuntut orang-orang sesuai dengan berapa banyak mereka mampu membayar."
obesity,Apa gejala Hydrocephaus obesitas hipogonadism?,"Apa tanda-tanda dan gejala Hydrocephaus obesitas hipogonadism? The Human Phenotype Ontology menyediakan daftar tanda-tanda dan gejala-gejala berikut untuk hydroceculus obesitas hipogonadism. Jika informasi tersedia, tabel di bawah ini termasuk seberapa sering gejala terlihat pada orang dengan kondisi seperti ini."
gout,penelitian apa yang telah dilakukan terhadap Gout?,"Karena asam urat dalam encok juga dipahami dan obat-obatan untuk mengurangi serangan dan mengurangi risiko atau keparahan serangan masa depan yang tersedia secara luas, gout adalah salah satu dari mostif yang tidak bisa dikendalikan bentuk arthritis. Tapi peneliti terus membuat kemajuan yang membantu orang hidup dengan encok. Mungkin suatu hari nanti kemajuan ini akan mencegah penyakit yang sangat menyakitkan ini."
obesity,Apa yang menyebabkan kelebihan berat badan dan obesitas?,"Kurangnya keseimbangan Energi

Kurangnya keseimbangan energi sering menyebabkan kelebihan berat badan dan obesitas. Keseimbangan energi berarti bahwa energimu sama dengan energimu.

Energi di dalam adalah jumlah energi atau kalori yang Anda dapatkan dari makanan dan minuman. Energi keluar adalah jumlah energi yang digunakan tubuh Anda untuk hal-hal seperti bernapas, dicerna, dan menjadi aktif secara fisik.

Untuk menjaga berat badan yang sehat, energimu dalam dan luar tidak harus seimbang setiap hari."
osteoporosis,penelitian apa yang dilakukan untuk Osteoporosis?,"Para ilmuwan mengejar berbagai studi dasar dan klinis pada osteoporosis. Kemajuan utama dalam mencegah dan mengobati osteoporosis terus terjadi. Kemajuan tersebut adalah hasil langsung dari penelitian berfokus pada - menentukan penyebab dan konsekuensi dari kehilangan tulang pada tingkat sel dan jaringan - menilai faktor risiko - mengembangkan strategi baru untuk mempertahankan dan bahkan meningkatkan kepadatan tulang dan mengurangi risiko tulang - menjelajahi peran faktor-faktor seperti genetika, hormon, kalsium, vitamin D, obat-obatan, dan latihan massa tulang."
flu,Bagaimana mendiagnosa Flu tahun 2009 H1N1?,"Konten pada halaman ini dikembangkan selama pandemi H1N1 tahun 2010 dan belum diperbarui.

- Virus H1N1 yang menyebabkan pandemi sekarang virus flu manusia biasa dan terus beredar di seluruh dunia.
- Isi bahasa Inggris di situs ini sedang diarsipkan untuk tujuan bersejarah dan referensi saja."
heart disease,Siapa yang beresiko terkena penyakit jantung?,"Di Amerika Serikat, penyakit jantung koroner (CHD) adalah penyebab utama kematian bagi pria dan wanita. Setiap tahun, sekitar 370.000 orang Amerika meninggal karena penyakit jantung koroner.

Beberapa sifat, kondisi, atau kebiasaan mungkin meningkatkan risiko Anda untuk CHD. Semakin banyak faktor risiko yang Anda miliki, semakin mungkin Anda untuk mengembangkan penyakit.

Anda dapat mengontrol banyak faktor risiko, yang dapat membantu mencegah atau menunda CHD.

Mayor Resiko Faktor

Tingkat kolesterol darah tidak sehat."
depression,Apa itu Depresi?,"Semua orang merasa biru atau sedih sekarang dan kemudian, tapi perasaan ini biasanya tidak berlangsung lama dan berlalu dalam beberapa hari. Ketika seseorang mengalami depresi, itu mengganggu kehidupan sehari-hari dan berfungsi normal, dan menyebabkan sakit bagi orang dengan depresi dan mereka yang peduli tentang dia atau dia. Dokter menyebut kondisi ini ""gangguan depresi"" atau ""depresi klinis"". Depresi pada perubahan hidup yang penting yang terjadi saat kita bertambah tua dapat menyebabkan perasaan tidak tenang, stres, dan kesedihan."
stroke,Bagaimana mendiagnosa Stroke?,"Dokter memiliki beberapa teknik dan alat pencitraan untuk membantu mendiagnosa stroke dengan cepat dan akurat. Langkah pertama dalam diagnosis adalah pemeriksaan saraf singkat, atau evaluasi sistem saraf. Ketika pasien stroke mungkin tiba di rumah sakit, kesehatan profesional, biasanya dokter atau perawat, akan meminta pasien atau pendamping apa yang terjadi dan ketika gejala dimulai."
cholesterol,Berapa banyak orang yang terkena hiperkolesterolemia?,"Lebih dari 34 juta orang dewasa Amerika telah meningkatkan kadar kolesterol darah (lebih tinggi dari 240 mg / dL). Bentuk hiperkolesterolemia, yang menyebabkan bahkan lebih tinggi tingkat kolesterol, terjadi kurang sering. Warisan paling umum dari kolesterol tinggi disebut familial hiperkolesterolemia."
osteoporosis,Apa gejala Osteoporosis?,"Fractures - A Kemungkinan Peringatan Tanda Osteoporosis tidak memiliki gejala apapun sampai retak terjadi. Wanita dan pria dengan osteoporosis paling sering mematahkan tulang pinggul, tulang belakang, dan pergelangan tangan. Tapi setiap fraktur pada orang yang lebih tua bisa menjadi tanda peringatan bahwa tulang lebih lemah daripada optimal."
back pain,Apa yang dilakukan penelitian untuk Back Pain?,"The National Institute of Neurological Disorders and Stroke (NINDS) dan institusi-institusi Nasional Kesehatan (NIH) melakukan penelitian nyeri dalam laboratorium di NIH dan juga mendukung penelitian nyeri melalui hibah ke lembaga-lembaga medis utama di seluruh negeri. Saat ini, para peneliti sedang memeriksa penggunaan obat yang berbeda untuk mengobati kembali rasa sakit, khususnya, nyeri kronis yang telah berlangsung setidaknya 6 bulan. Studi lain membandingkan pendekatan kesehatan yang berbeda dengan manajemen nyeri punggung rendah akut (perawatan standar versus chiropractic, akupunktur, atau terapi pijat)."
cold,Apakah urtikaria Dingin diwariskan?,Apakah urtikaria dingin diwariskan? Urtikaria dingin tidak dianggap diwariskan. Kebanyakan kasus terjadi sporadis pada orang-orang tanpa riwayat keluarga kondisi.
pregnancy,Apakah Anda memiliki informasi tentang Kehamilan,"Jadi kau akan punya bayi! Apakah Anda sedang hamil atau berencana untuk hamil, Anda akan ingin memberikan bayi Anda awal yang sehat. Anda harus melakukan kunjungan rutin dengan penyedia layanan kesehatan Anda."
psoriasis,Apa perawatan untuk Psoriasis?,"Tujuan dari pengobatan psoriasis adalah untuk mengubah jalannya penyakit dengan mengganggu peningkatan produksi sel kulit, dan untuk menghapus skala dan kulit kasar yang halus. Ada banyak jenis perawatan. Banyak obat-obatan dan pengobatan lain dokter Anda harus meresepkan."
cholesterol,Apa gejala High Blood Cholesterol?,Kolesterol darah tinggi biasanya tidak memiliki tanda-tanda atau gejala. Banyak orang tidak tahu bahwa tingkat kolesterol mereka terlalu tinggi. Siapa yang harus Diuji Semua orang usia 20 dan lebih tua harus memiliki tingkat kolesterol mereka diperiksa setidaknya sekali setiap 5 tahun.
flu,Apakah Anda memiliki informasi tentang Fluid dan Electrolite Keseimbangan,"Elektrolit adalah mineral dalam tubuh Anda yang memiliki muatan listrik. Mereka ada dalam darahmu, urin dan cairan tubuh. Mempertahankan keseimbangan elektrolit yang tepat membantu kimia darah tubuhmu, aksi otot dan proses lainnya."
gout,Apa yang menyebabkan Gout?,"Sebuah penumpukan Uric Acid Kebanyakan orang dengan asam urat terlalu banyak dalam darah mereka, kondisi yang disebut hyperuricemia. Asam Urat adalah zat yang dihasilkan dari rincian purines yang merupakan bagian dari semua jaringan manusia dan ditemukan dalam banyak makanan. Perlu kristal asam urat dapat membangun dalam jaringan konektif, dalam ruang bersama antara dua tulang, atau keduanya."
pneumonia,Apa Cryptogenic mengorganisir pneumonia?,"Apa kriptogenik mengorganisir pneumonia? Kami tidak menyadari kasus-kasus familiar yang mengorganisir pneumonia kriptogenik (COP) dalam literatur medis, dan pengetahuan kami, tidak ada bukti bahwa beberapa orang mungkin secara genetik cenderung untuk mengembangkan COP."
high blood pressure,Bagaimana mendiagnosa Tekanan Darah Tinggi dan Penyakit Ginjal?,"Sebuah penyedia kesehatan mendiagnosa tekanan darah tinggi ketika tekanan darah berulang-ulang selama beberapa kunjungan ke layanan kesehatan kantor bahwa tekanan darah sistolik secara konsisten di atas 140 atau tekanan darah diastolik secara konsisten di atas 90. Penyedia layanan kesehatan mengukur tekanan darah dengan manset tekanan darah. Orang-orang juga bisa membeli manset tekanan darah di toko rantai diskon dan toko obat untuk memonitor tekanan darah mereka di rumah.

Penyakit ginjal didiagnosis dengan urin dan tes darah.

Tes Urin

Tes disiplin untuk albumin."
psoriasis,Apa itu Psoriasis?,"Psoriasis (tabur RYE uh sis) adalah penyakit kulit kronis. Kronic berarti bahwa itu berlangsung lama, sering seumur hidup. Psoriasis mempengaruhi lebih dari 5 juta orang dewasa di Amerika Serikat."
tuberculosis,Apa itu TBC?,"Tuberkulosis (TB) adalah penyakit yang disebabkan oleh bakteri yang disebut Mycobacterium tuberkulosis. Bakteri biasanya menyerang paru-paru, tetapi mereka juga dapat merusak bagian lain dari tubuh. TB menyebar melalui udara ketika seseorang dengan TB paru-paru atau batuk tenggorokan, bersin, atau berbicara."
lupus,Apa itu? Sequelae Neurologis dari Lupus?,"Lupus (juga disebut sistemik lupus erythematosus) adalah gangguan dari sistem kekebalan tubuh. Biasanya, sistem kekebalan tubuh melindungi tubuh terhadap infeksi yang menyerang dan kanker. Di lupus, sistem kekebalan tubuh terlalu aktif dan menghasilkan peningkatan jumlah antibodi abnormal yang menyerang jaringan tubuh dan organ."
osteoporosis,Apa perubahan genetik yang berhubungan dengan osteoporosis primer remaja?,"Mutasi dalam gen LRP5 dapat menyebabkan osteoporosis primer remaja. Gen ini menyediakan instruksi untuk membuat protein yang berpartisipasi dalam jalur sinyal kimia yang mempengaruhi cara sel dan jaringan berkembang. Secara khusus, protein LRP5 terlibat dalam regulasi kepadatan mineral tulang."
stroke,Apa pandangan untuk Atrial Fibrilasi dan Stroke?,"AF, yang mempengaruhi 2,2 juta orang Amerika, meningkatkan resiko stroke hingga 4 sampai 6 kali rata-rata. Risiko meningkat dengan usia. Pada orang-orang lebih dari 80 tahun, AF adalah penyebab langsung dari 1 dalam 4 stroke."
lupus,Apa itu Lupus?,"Jika Anda memiliki lupus, sistem kekebalan tubuh Anda menyerang sel sehat dan jaringan oleh kesalahan. Hal ini dapat merusak sendi, kulit, pembuluh darah dan organ. Ada banyak jenis lupus."
asthma,Apa itu Asma?,"Asma adalah penyakit kronis yang mempengaruhi saluran napasmu. Saluran udara Anda adalah tabung yang membawa udara masuk dan keluar dari paru-paru Anda. Jika Anda memiliki asma, dinding dalam saluran udara Anda menjadi sakit dan bengkak."
cholesterol,Apa perawatan untuk High Blood Kolesterol?,Tujuan utama dari pengobatan menurunkan kolesterol- adalah menurunkan tingkat kolesterol (buruk) cukup untuk mengurangi risiko terkena serangan jantung atau penyakit yang disebabkan oleh mempersempit arteri.
depression,Apa gejala Depresi?,"Gejala Umum Ada banyak gejala yang terkait dengan depresi, dan beberapa akan bervariasi tergantung pada individu. Namun, beberapa gejala yang paling umum terdaftar di bawah ini. Jika Anda memiliki beberapa gejala ini selama lebih dari dua minggu, Anda mungkin mengalami depresi."
high blood pressure,Apa yang harus dilakukan untuk Tekanan Darah Tinggi dan Penyakit Ginjal?,"Setelah makan yang sehat rencana dapat membantu menurunkan tekanan darah. Penyedia layanan kesehatan mungkin merekomendasikan Pendekatan Diet untuk Menghentikan Hipertensi (DASH) rencana makan. Dash berfokus pada buah-buahan, sayuran, butir-butir utuh, dan makanan lainnya yang sehat hati dan rendah natrium, yang sering datang dari garam."
gout,Apa gejala dari Gout?,"Serangan biasanya dimulai di Night Gout adalah bentuk radang sendi yang menyebabkan nyeri dan pembengkakan secara tiba-tiba di sendi, yang mungkin juga hangat dan merah. Orang kampung biasanya menyerang satu bersama pada suatu waktu, dan serangan biasanya dimulai di malam hari. Dimana Gout biasanya Occurs Gout menyerang bersama di bagian bawah tubuh, seperti lutut, pergelangan kaki atau kaki besar."
urinary tract infection,Apa perawatan untuk Infeksi Tract Uriner Dalam Dewasa?,"Kebanyakan Utis disebabkan oleh bakteri, yang diobati dengan bakteri yang disebut antibiotik atau antimikroba. Pilihan pengobatan dan perawatan panjang tergantung pada riwayat pasien dan jenis bakteri yang menyebabkan infeksi. Beberapa antibiotik mungkin dikesampingkan jika seseorang memiliki alergi kepada mereka."
insomnia,Bagaimana mendiagnosa Insomnia?,"Dokter Anda mungkin akan mendiagnosa insomnia berdasarkan sejarah medis dan tidur Anda dan ujian fisik. Dia atau dia juga mungkin merekomendasikan tidur studi. Misalnya, Anda mungkin memiliki tidur studi jika penyebab insomnia Anda tidak jelas.

Riwayat Medis

Untuk mengetahui apa yang menyebabkan insomnia Anda, dokter Anda mungkin bertanya apakah Anda:

Memiliki masalah kesehatan yang baru atau sedang berlangsung

Memiliki cedera menyakitkan atau kondisi kesehatan, seperti radang sendi

Ambil obat apapun, baik over- the- counter atau resep

Memiliki gejala atau sejarah depresi, kecemasan, atau psikosis

Apakah mengatasi dengan sangat stres peristiwa hidup, seperti perceraian atau kematian

Doktermu juga mungkin mengajukan pertanyaan tentang pekerjaanmu dan kebiasaan bersenang-senang."
urinary tract infection,Apa gejala infeksi Tract Urinary?,"Gejala infeksi saluran kencing (UTI) di kandung kemih mungkin termasuk - berawan, berdarah, atau bau urine - sakit atau terbakar selama urin - kuat dan sering perlu buang air kecil, bahkan tepat setelah mengosongkan kandung kemih - demam ringan di bawah 101 derajat Fahrenheit pada beberapa orang. Berawan, berdarah, atau bau busuk urin atau terbakar selama urin kuat dan sering perlu buang air kecil, bahkan tepat setelah mengosongkan kandung kemih demam ringan di bawah 101 derajat Fahrenheit pada beberapa orang. Jika UTI menyebar ke ginjal, gejala dapat termasuk - menggigil dan gemetar - keringat malam - merasa lelah atau sakit - demam di atas 101 derajat Fahrenheit - rasa sakit di samping, kembali, atau mengerang - memerah, hangat, atau kulit - perubahan mental atau kebingungan - mual dan muntah - sangat buruk sakit perut beberapa orang."
pregnancy,Apakah (penyakit) dan kehamilan (?,"Jika Anda hamil, infeksi bisa lebih dari sekedar masalah bagi Anda. Beberapa infeksi bisa berbahaya bagi bayimu. Anda dapat membantu diri Anda menghindari infeksi: - jangan makan daging mentah atau mentah - jangan berbagi makanan atau minuman dengan orang lain - mencuci tangan Anda sering - jangan membuang kotoran kucing."
urinary tract infection,Apa yang harus kulakukan untuk mengetahui Infeksi Traktur Urin Anak-ku?,"Untuk membantu mencegah UTI, pastikan anak Anda minum cukup cairan setiap hari. Bicaralah dengan penyedia layanan kesehatan anak-anakmu untuk mencari tahu berapa banyak cairan yang harus diminum anakmu."
bronchitis,Siapa yang beresiko untuk Bronchitis?,"Bronchitis adalah kondisi yang sangat umum. Jutaan kasus terjadi setiap tahun.

Orang tua, bayi, dan anak-anak muda berada pada risiko yang lebih tinggi untuk bronkitis akut daripada orang-orang dalam kelompok usia lain.

Orang-orang dari semua usia dapat mengembangkan bronkitis kronis, tetapi hal itu terjadi lebih sering pada orang-orang yang lebih tua dari 45 tahun. Juga, banyak orang dewasa yang mengembangkan bronkitis kronis adalah perokok."
pregnancy,Apa itu Kehamilan Ektopik?,"Rahim, atau rahim, adalah tempat di mana bayi tumbuh ketika seorang wanita hamil. Jika Anda memiliki kehamilan ektopik, telur yang dibuahi tumbuh di tempat yang salah, di luar rahim, biasanya dalam tuba fallopi. Hasilnya biasanya keguguran."
psoriasis,Apa itu Parapsoriasis?,"Parapsoriasis menggambarkan sekelompok penyakit kulit yang dapat ditandai dengan patch sisik atau papula yang sedikit ditinggikan dan / atau plaques (merah dan bersisik) yang mirip dengan psoriasis. Namun, deskripsi ini mencakup beberapa penyakit kulit yang inflamasi yang tidak berhubungan dengan patogen, histopatologi, dan menanggapi pengobatan. Karena variasi dalam presentasi klinis dan kurangnya diagnosis spesifik menemukan histopatologi, definisi universal diterima dari parapsoriasis tetap kurang."
high blood pressure,Berapa banyak orang yang terpengaruh oleh paru-paru arteri hipertensi?,"Di Amerika Serikat, sekitar 1.000 kasus baru hipertensi arteri paru-paru didiagnosis setiap tahun. Gangguan ini dua kali lebih umum pada perempuan seperti pada laki-laki."
osteoporosis,Apakah anak-anak osteoporosis primer diwariskan?,"Kondisi ini diwariskan dalam pola dominan otomatis, yang berarti satu salinan gen yang diubah dalam setiap sel cukup untuk menyebabkan gangguan."
hemorrhoid,Bagaimana mendiagnosa Heembehoids?,"Dokter akan memeriksa anus dan dubur untuk menentukan apakah seseorang memiliki wasir. Gejala wasir mirip dengan gejala-gejala anorektal lainnya, seperti celah, absses, kutil, dan polip.

Dokter akan melakukan pemeriksaan fisik untuk mencari wasir yang terlihat. Sebuah tes dubur digital dengan sarung tangan, jari dilumasi dan berongga anoscopea, tabung yang menyala dapat dilakukan untuk melihat dubur.

Sebuah evaluasi menyeluruh dan diagnosis yang tepat oleh dokter penting setiap kali seseorang menyadari pendarahan dari dubur atau darah di bangku."
back pain,Apa perawatan untuk Back Pain?,"Kebanyakan rasa sakit punggung rendah dapat diobati tanpa operasi. Pengobatan melibatkan penggunaan berlebihan rasa sakit balasan balasan untuk mengurangi ketidaknyamanan dan anti- inflamasi obat untuk mengurangi peradangan. Tujuan dari pengobatan adalah untuk mengembalikan fungsi yang tepat dan kekuatan ke belakang, dan mencegah rekursi cedera."
pneumonia,Apa gejala Cryptogenic mengorganisir pneumonia?,Apa tanda-tanda dan gejala kriptogenik mengorganisir pneumonia? Tanda-tanda dan gejala kriptogenik mengorganisir pneumonia (COP) bervariasi tetapi mungkin termasuk: batuk non produktif Sulit atau bekerja bernapas Demam Maliise Berat kehilangan Hemoptysis (langka)
pneumonia,Bagaimana mendiagnosa Pneumonia?,"Pneumonia bisa sulit mendiagnosa karena mungkin tampak seperti dingin atau flu. Anda mungkin tidak menyadari itu lebih serius sampai berlangsung lebih lama daripada kondisi lain.

Doktermu akan mendiagnosa pneumonia berdasarkan riwayat medismu, pemeriksaan fisik, dan hasil tes.

Riwayat Medis

Dokter Anda akan bertanya tentang tanda-tanda dan gejala dan bagaimana dan ketika mereka mulai. Untuk mengetahui jenis kuman apa yang menyebabkan pneumonia, dia juga mungkin bertanya tentang:

Setiap perjalanan baru-baru ini Anda lakukan

Hobimu

Paparan Anda terhadap hewan

Paparan Anda untuk orang sakit di rumah, sekolah, atau bekerja

Masa lalu dan kondisi medis saat ini, dan apakah ada yang memburuk baru-baru ini

Setiap obat yang Anda ambil

Apakah Anda merokok

Entah kau terkena flu atau pneumonia vaksinasi

Ujian Fisik

Doktermu akan mendengarkan paru-parumu dengan stetoskop."
high blood pressure,Apa itu Pulmoner Hypertensi?,"Tekanan darah tinggi pada arteri paru-paru. Ini adalah kondisi yang serius. Jika Anda memilikinya, pembuluh darah yang membawa darah dari hati Anda ke paru-paru Anda menjadi keras dan sempit."
high blood pressure,Apa itu Tekanan Darah Tinggi?,Tekanan darah tinggi adalah penyakit umum di mana darah mengalir melalui pembuluh darah (arteri) pada lebih tinggi dari tekanan normal. Apa itu Tekanan Darah? Tekanan darah adalah tekanan darah mendorong dinding pembuluh darah sebagai jantung memompa darah.
obesity,Apa gejala Overweight dan Obesity?,"Berat biasanya terjadi dari waktu ke waktu. Kebanyakan orang tahu ketika mereka bertambah berat badan. Beberapa tanda kelebihan berat badan atau obesitas termasuk:

Pakaian terasa ketat dan membutuhkan ukuran yang lebih besar.

Skala menunjukkan bahwa Anda telah mendapatkan berat badan.

Memiliki lemak ekstra di pinggang.

Sebuah lebih tinggi dari biasanya massa tubuh indeks dan keliling pinggang."
diarrhea,Apa yang menyebabkan Chronic Diare di Anak-anak?,"Banyak penyakit dan kelainan dapat menyebabkan diare kronis pada anak-anak. Penyebab umum termasuk

- Infeksi - gangguan gastrointestinal (GI) fungsional - alergi makanan dan intoleransi - penyakit usus inflamasi (IBD)

Infeksi, alergi makanan dan intoleransi, dan IBD dapat menyebabkan diare kronis bersama dengan malasorpsi, berarti usus kecil tidak menyerap nutrisi dari makanan. Jika anak-anak tidak menyerap cukup nutrisi dari makanan yang mereka makan, mereka mungkin menjadi kekurangan gizi."
asthma,Apa perawatan untuk Asthma?,"Asma adalah penyakit jangka panjang yang tidak memiliki obat. Tujuan dari pengobatan asma adalah untuk mengendalikan penyakit. Kontrol asma yang baik akan:

Mencegah gejala kronis dan merepotkan, seperti batuk dan sesak napas

Kurangi kebutuhan Anda untuk obat-obatan lega (lihat di bawah ini)

Membantu Anda mempertahankan fungsi paru-paru yang baik

Biarkan Anda mempertahankan tingkat aktivitas normal Anda dan tidur sepanjang malam

Mencegah serangan asma yang bisa mengakibatkan kunjungan darurat atau rumah sakit

Untuk mengontrol asma, mitra dengan dokter Anda untuk mengelola asma atau asma anak Anda."
tuberculosis,Bagaimana untuk mencegah Tuberkulosis (TB)?,"Pengendalian Infeksi dalam Pengaturan Perawatan Kesehatan

Transmisi Tuberkulosis (TB) telah didokumentasikan dalam pengaturan layanan kesehatan di mana para pekerja dan pasien kesehatan berhubungan dengan orang-orang yang menderita penyakit TB.

Orang-orang yang bekerja atau menerima perawatan kesehatan berada pada risiko yang lebih tinggi untuk menjadi terinfeksi dengan TB; oleh karena itu, perlu untuk memiliki rencana pengendalian infeksi TB sebagai bagian dari program pengendalian infeksi umum dirancang untuk memastikan berikut:

- Mendeteksi pasien menular,
- Pengawasan udara, dan
- perawatan orang yang telah dicurigai atau dikonfirmasi penyakit TB.


Agar efektif, penekanan utama dari program kontrol infeksi TB harus mencapai tiga tujuan ini.

Dalam semua pengaturan layanan kesehatan, terutama orang-orang yang berisiko tinggi untuk terkena TB, kebijakan dan prosedur untuk kontrol TB harus dikembangkan, secara berkala, dan dievaluasi untuk efektivitas untuk menentukan tindakan yang diperlukan untuk meminimalkan risiko transmisi TB.

Program Pengendalian Infeksi TB harus didasarkan pada tingkat tiga dalam tingkatan kontrol dan termasuk:

- Tindakan administratif
- Kontrol lingkungan
- Gunakan peralatan pelindung pernapasan


Tingkat pertama dan paling penting dari hirarki, langkah-langkah administratif, berdampak pada jumlah orang terbesar. Hal ini terutama dimaksudkan untuk mengurangi risiko orang yang tidak terinfeksi yang terkena penyakit TB.

Tingkat kedua dari hirarki adalah penggunaan kontrol lingkungan untuk mengurangi jumlah TB di udara. Dua tingkat kontrol pertama dari hirarki juga meminimalkan jumlah daerah dalam pengaturan layanan kesehatan di mana paparan ke TB mungkin terjadi.

Tingkat ketiga dari hirarki adalah penggunaan peralatan pelindung pernapasan dalam situasi yang beresiko tinggi terkena TB."
typhoid,Apa gejala demam Typhoid?,"Orang dengan demam tipus biasanya mengalami demam setinggi 103 ° sampai 104 ° F (39 ° sampai 40 ° C). Mereka juga mungkin merasa lemah, atau sakit perut, sakit kepala, atau kehilangan nafsu makan. Dalam beberapa kasus, pasien memiliki ruam datar, mawar-bintik berwarna."
reflux,Apa komplikasi Vesicoureteral Reflux?,"Ketika seorang anak dengan VUR mendapatkan UTI, bakteri dapat bergerak ke ginjal dan menyebabkan bekas luka. Luka ginjal dapat dikaitkan dengan tekanan darah tinggi dan gagal ginjal. Namun, kebanyakan anak-anak dengan VUR yang memulihkan UTI tanpa komplikasi jangka panjang."
asthma,Apa gejala Asma?,"Apa tanda-tanda dan gejala Asma? The Human Phenotype Ontology menyediakan daftar tanda-tanda dan gejala-gejala berikut bagi Asma. Jika informasi tersedia, tabel di bawah ini termasuk seberapa sering gejala terlihat pada orang dengan kondisi seperti ini."
high blood pressure,Apa itu Tekanan Darah Tinggi dan Penyakit Ginjal?,"Tekanan darah adalah tekanan darah yang mendorong darah terhadap dinding pembuluh darah saat jantung memompa darah, dan tekanan darah tinggi, juga disebut tekanan darah tinggi, adalah peningkatan jumlah kekuatan yang ditempatkan darah pada pembuluh darah saat bergerak melalui tubuh. Faktor yang dapat meningkatkan gaya ini termasuk volume darah yang lebih tinggi karena cairan ekstra dalam darah dan pembuluh darah yang sempit, kaku, atau tersumbat.

Hasil tes tekanan darah ditulis dengan dua angka yang terpisah dengan garis miring. Misalnya, penyedia layanan kesehatan akan menulis hasil tekanan darah sebagai 120 / 80."
psoriasis,Apa itu (adalah) supremalized pustular psoriasis?,"Yang dihasilkan psoriasis pustular adalah kondisi kulit inflamasi parah yang dapat mengancam kehidupan. Orang-orang berpengaruh mengembangkan episode kulit merah dan lembut dengan luapan luas di seluruh tubuh mereka. Hal ini umumnya disertai dengan demam, menggigil, sakit kepala, denyut nadi cepat, kehilangan nafsu makan, mual dan kelemahan otot."
insomnia,Apa yang menyebabkan Insomnia?,"Insomnia sekunder

Insomnia sekunder adalah gejala atau efek samping dari masalah lain. Insomnia jenis ini sering merupakan gejala emosional, neurologis, atau gangguan medis atau tidur lainnya.

Gangguan emosional yang dapat menyebabkan insomnia termasuk depresi, kecemasan, dan gangguan stres pasca trauma. Penyakit Alzheimer dan Parkinson adalah contoh dari gangguan saraf yang dapat menyebabkan insomnia.

Banyak kelainan atau faktor lainnya juga dapat menyebabkan insomnia, seperti:

Kondisi yang menyebabkan nyeri kronis seperti radang sendi dan gangguan sakit kepala

Kondisi yang membuat sulit untuk bernapas, seperti asma dan jantung gagal

Tiroid yang terlalu aktif

Gangguan pencernaan, seperti mulas

Sapuan

Gangguan tidur, seperti sindrom kaki gelisah dan tidur-terkait masalah pernapasan

Menopause dan hot flashes

Insomnia sekunder juga bisa menjadi efek samping dari beberapa obat-obatan."
diarrhea,Apa perawatan untuk Diare?,"Dalam kebanyakan kasus diare, satu-satunya pengobatan yang diperlukan adalah mengganti cairan yang hilang dan elektrolit untuk mencegah dehidrasi.

Over--the-counter obat-obatan seperti loperamide (Imodium) dan bismuth subsalicylate (Pepto-Bismol dan Kaopectate) dapat membantu menghentikan diare pada orang dewasa. Namun, orang dengan tanda diare berdarah bakteri atau infeksi parasit tidak boleh menggunakan obat-obatan ini. Jika diare disebabkan oleh bakteri atau parasit, obat-obatan overthe- counter dapat memperpanjang masalah, sehingga dokter biasanya meresepkan antibiotik sebagai gantinya.

Obat untuk mengobati diare pada orang dewasa bisa berbahaya bagi bayi dan anak-anak dan hanya harus diberikan dengan bimbingan dokter."
insomnia,Bagaimana mendiagnosa Insomnia kerabat Fatal?,"Apakah pengujian genetik tersedia untuk insomnia keturunan fatal? Ya, pengujian genetik tersedia untuk PRNP, gen yang dikenal menyebabkan insomnia keluarga fatal (FFI). Pengujian kesehatan untuk kerabat yang beresiko dan pengujian pranikah mungkin jika penyakit ini menyebabkan mutasi dalam keluarga."
hemorrhoid,Apa penyebab wasir?,"Membengkak di anal atau pembuluh darah dubur menyebabkan wasir. Beberapa faktor dapat menyebabkan pembengkakan ini, termasuk

- Sembelit kronis atau diare - tegang selama gerakan usus - duduk di toilet untuk waktu yang lama - kekurangan serat dalam diet

Penyebab lain dari wasir adalah kelemahan jaringan konektif di dubur dan anus yang terjadi pada usia.

Kehamilan dapat menyebabkan wasir dengan meningkatkan tekanan di perut, yang dapat memperbesar pembuluh darah di dubur bawah dan anus. Bagi kebanyakan wanita, wasir yang disebabkan oleh kehamilan menghilang setelah melahirkan."
anxiety,Siapa yang beresiko atas Gangguan Kecemasan?,"Gangguan kecemasan tergeneralisasi (GAD) mempengaruhi sekitar 6,8 juta orang dewasa Amerika, termasuk dua kali lipat wanita sebagai laki-laki. Gangguan ini berkembang secara bertahap dan dapat dimulai pada setiap titik dalam siklus hidup, meskipun tahun risiko tertinggi adalah antara masa kanak-kanak dan usia pertengahan. Rata-rata usia awal adalah 31 tahun."
vertigo,Apa gejala vertigo posisi Benign?,"Apa tanda-tanda dan gejala Benign paraxichal posisi vertigo? The Human Phenotype Ontologi menyediakan daftar berikut tanda-tanda dan gejala untuk Benign paroxyshal posisi vertigo. Jika informasi tersedia, tabel di bawah ini termasuk seberapa sering gejala terlihat pada orang dengan kondisi seperti ini."
depression,Apa itu Depresi Postpartum?,"Banyak wanita memiliki blues bayi setelah melahirkan. Jika Anda memiliki blues bayi, Anda mungkin memiliki perubahan suasana hati, merasa sedih, cemas atau kewalahan, memiliki mantra menangis, kehilangan nafsu makan Anda, atau memiliki kesulitan tidur. Bayi blues paling sering pergi dalam beberapa hari atau seminggu."
depression,Apa yang menyebabkan depresi?,Beberapa baris penelitian telah menunjukkan bahwa penyakit depresi adalah gangguan otak. Tetapi penyebab yang tepat untuk penyakit ini belum jelas dan masih sedang dipelajari. Perubahan dalam Teknologi Pencitraan Otak menunjukkan bahwa otak orang-orang depresi terlihat berbeda atau bekerja berbeda dari mereka yang tidak memiliki penyakit.
asthma,Apa penyebab Asma?,"Penyebab asma yang tepat tidak diketahui. Para peneliti berpikir beberapa faktor genetik dan lingkungan berinteraksi untuk menyebabkan asma, paling sering awal dalam hidup. Faktor-faktor ini termasuk:

Kecenderungan mewarisi untuk mengembangkan alergi, atoppy (AT-o- pe)

Orang tua yang menderita asma

Infeksi pernapasan tertentu selama masa kecil

Kontak dengan beberapa udara alergi atau paparan untuk beberapa infeksi virus dalam masa bayi atau di masa kanak-kanak ketika sistem kekebalan tubuh berkembang

Jika asma atau atopy berjalan dalam keluarga Anda, paparan iritasi (misalnya, asap tembakau) dapat membuat saluran udara Anda lebih reaktif terhadap zat di udara.

Beberapa faktor mungkin lebih mungkin menyebabkan asma pada beberapa orang daripada pada orang lain."
pneumonia,Apa perawatan untuk mengorganisir pneumonia Cryptogenic?,"Bagaimana mungkin kriptogenik mengorganisir pneumonia diperlakukan? Pengobatan kriptogenik pengorganisasian pneumonia (COP) biasanya tergantung pada tingkat parahnya kondisi. Sebagai contoh, orang yang sedikit terpengaruh mungkin hanya dipantau karena beberapa kasus dapat meningkatkan sendiri."
lupus,Apakah Lupus mewarisi?,Apakah lupus diwariskan? Yayasan Lupus Amerika memiliki halaman berjudul Apakah lupus turun-temurun? yang mempunyai akal yang cerdas.
anxiety,(Apakah hari kiamat itu?) ungkapan ini menggambarkan tentang kengeriannya; ayat yang pertama dan ayat yang kedua merupakan Mubtada dan Khabarnya.,Ketakutan dan kecemasan adalah bagian dari kehidupan. Anda mungkin merasa cemas sebelum Anda mengambil tes atau berjalan di jalan yang gelap. Kecemasan semacam ini berguna - dapat membuat Anda lebih waspada atau hati-hati.
pneumonia,Bagaimana untuk mencegah Pneumonia?,"Pneumonia bisa sangat serius dan bahkan kehidupan mengancam. Jika memungkinkan, mengambil langkah-langkah untuk mencegah infeksi, terutama jika Anda berada dalam kelompok berisiko tinggi.

Vaksin

Vaksin tersedia untuk mencegah pneumococcal pneumonia dan flu. Vaksin tidak bisa mencegah semua kasus infeksi."
lupus,Apa perawatan untuk Lupus Nephritis?,"Lupus nefritis dirawat dengan obat yang menekan sistem kekebalan tubuh, sehingga berhenti menyerang dan merusak ginjal. Pengobatan standar termasuk kortikosteroid, biasanya predator, untuk mengurangi peradangan di ginjal. Obat immunosupresif, seperti cyclophophamide atau mofetil mycophenolate, biasanya digunakan dengan Prednisone."
obesity,Bagaimana mendiagnosa Overweight dan Obesity?,"Cara yang paling umum untuk mengetahui apakah Anda kelebihan berat badan atau obesitas adalah untuk mengetahui indeks massa tubuh Anda (BMI). BMI adalah estimasi lemak tubuh, dan itu mengukur baik risiko Anda untuk penyakit yang terjadi dengan lemak tubuh lebih.

BMI dihitung dari tinggi dan berat badan. Anda dapat menggunakan grafik di bawah ini atau National Heart, Lung, dan Blood Institute (NHLBI) kalkulator online BMI untuk mengetahui BMI Anda."
lupus,Apa perawatan untuk Lupus?,"Bagaimana mungkin lupus diperlakukan? Untuk informasi tentang pengobatan lupus, Anda dapat membaca Institut Nasional Arthritis dan Musculoskeletal dan Skin Disered (NIAMS) publikasi yang disebut Handout on Health: Systemic Lupus Erythematosus. NIAMS adalah organisasi utama NIH untuk penelitian dan informasi tentang lupus."
anxiety,penelitian apa yang sedang dilakukan untuk Gangguan Kecemasan?,"Uji klinis adalah bagian dari penelitian klinis dan di jantung dari semua kemajuan pengobatan. Uji klinis melihat cara baru untuk mencegah, mendeteksi, atau mengobati penyakit. Institut Kesehatan Mental Nasional di NIH mendukung studi penelitian kesehatan mental dan gangguan mental."
flu,Apa itu Flu?,Flu adalah infeksi pernapasan yang disebabkan oleh sejumlah virus. Virus melewati udara dan memasuki tubuh Anda melalui hidung atau mulut. Antara 5% dan 20% orang di AS
hemorrhoid,Apa yang harus dilakukan untuk Heembehoids?,"- Heembehoid bengkak dan meradang pembuluh darah sekitar anus atau di dubur bawah. - Wasir tidak berbahaya atau mengancam nyawa, dan gejala biasanya hilang dalam beberapa hari. - Sebuah evaluasi menyeluruh dan diagnosis yang tepat oleh dokter adalah penting setiap kali seseorang pemberitahuan pendarahan dari dubur atau darah di bangku."
tuberculosis,penelitian apa yang dilakukan untuk Tuberkulosis (TB)?,"Studi Epidemiologi TB Konsorsium

Studi Epidemiologi TB (TBESC) didirikan untuk memperkuat, fokus, dan mengkoordinasikan penelitian tuberkulosis (TB). TBESC dirancang untuk membangun kapasitas penelitian ilmiah dari program kontrol negara dan metropolitan TB, laboratorium berpartisipasi, lembaga akademik, rumah sakit, dan keduanya organisasi nirlaba yang tidak sah.

Konsorsium TB

Trial Consortium TB (TBTC) merupakan kolaborasi peneliti klinik Amerika Utara dan Internasional yang melakukan penelitian yang relevan secara pemrograman mengenai diagnosis, manajemen klinis, dan pencegahan infeksi TB dan penyakit.
Penelitian Ilmu Perilaku dan Sosial
Penelitian perilaku dan ilmu sosial memiliki potensi untuk membuat dampak besar pada upaya eliminasi TB. Penelitian ini diperlukan untuk 1) untuk memahami bagaimana perilaku dari kedua pasien dan penyedia mempengaruhi perawatan, diagnosis, perawatan sukses, dan pencegahan; dan 2) memahami bagaimana perilaku lain sosial, budaya, dan pengaruh lingkungan mempengaruhi kesehatan mencari dan hasil pengobatan yang berkaitan dengan TB."
cholesterol,Apa gejala hiperkoleteremia Familial?,"Apa tanda-tanda dan gejala Familial hiperkolesterolemia? Tanda-tanda dan gejala pada individu-individu dengan bentuk dominan otomatis dari hiperkolesterolemia familial (FH), juga disebut bentuk heterozigot, termasuk: Pria yang mengalami FH mungkin mengalami serangan jantung di usia 40-an sampai 50-an, dan 85% dari pria dengan gangguan jantung mengalami serangan jantung pada usia 60. Wanita yang terinfeksi mungkin terkena serangan jantung pada usia 50-60 tahun."
insomnia,Apa itu Insomnia?,"Insomnia adalah gangguan tidur umum. Jika Anda memilikinya, Anda mungkin mengalami kesulitan tertidur, tinggal tidur, atau keduanya. Akibatnya, Anda mungkin terlalu sedikit tidur atau memiliki tidur yang buruk."
bronchitis,Bagaimana mencegah Bronchitis?,"Anda tidak dapat selalu mencegah bronkitis akut atau kronis. Namun, Anda dapat mengambil langkah-langkah untuk menurunkan risiko Anda untuk kedua kondisi. Langkah yang paling penting adalah berhenti merokok atau tidak mulai merokok.

Untuk informasi lebih lanjut tentang bagaimana untuk berhenti merokok, pergi ke Penyakit dan Kondisi Merokok dan artikel Hati Anda dan National Heart, Lung, dan Blood Institute ""Panduan Anda untuk Hati Sehat"". Meskipun sumber daya ini fokus pada kesehatan jantung, mereka termasuk informasi umum tentang bagaimana untuk berhenti merokok.

Juga, cobalah untuk menghindari iritasi paru-paru lain, seperti asap bekas, debu, asap, uap, dan polusi udara."
asthma,Bagaimana mencegah Asma?,"Kau tak bisa mencegah asma. Namun, Anda dapat mengambil langkah-langkah untuk mengendalikan penyakit dan mencegah gejalanya. Misalnya:

Pelajari tentang asma dan cara untuk mengendalikannya.

Ikuti rencana aksi asmamu."
high blood pressure,Apa gejala Tekanan Darah Tinggi?,"Tekanan darah tinggi sering disebut ""pembunuh diam"" karena Anda dapat memilikinya selama bertahun-tahun tanpa menyadarinya. Satu-satunya cara untuk mengetahui jika Anda memiliki tekanan darah tinggi adalah memiliki tekanan darah Anda diukur. Komplikasi Ketika tekanan darah tetap tinggi dari waktu ke waktu, dapat merusak tubuh dan menyebabkan komplikasi."
allergy,Apa itu Lateks Alergi?,Lateks adalah cairan susu yang berasal dari pohon karet tropis. Ratusan produk sehari-hari berisi lateks. Mengulang paparan protein dalam lateks alami dapat membuat Anda lebih mungkin untuk mengembangkan alergi lateks.
cholesterol,Apakah hiperkolesterolemia mewarisi?,"Kebanyakan kasus kolesterol tinggi tidak disebabkan oleh satu kondisi warisan tunggal, tetapi hasil dari kombinasi pilihan gaya hidup dan efek variasi dalam banyak gen. Bentuk hiperkolesterolema yang dihasilkan dari mutasi di LDLR, APOB, atau gen PCSK9 memiliki pola dominan automal warisan. Warisan dominan otomatis berarti satu salinan dari gen yang diubah dalam setiap sel cukup untuk menyebabkan gangguan."
obesity,Apakah Kami berlaku zalim dalam memberi keputusan dengan menyamakan antara orang-orang Muslim dan orang-orang kafir? Apa yang telah terjadi pada kalian?,"Obesitas berarti memiliki terlalu banyak lemak tubuh. Hal ini berbeda dari kelebihan berat badan, yang berarti berat badan terlalu banyak. Kedua istilah berarti berat badan seseorang lebih besar dari apa yang dianggap sehat untuk tingginya."
psoriasis,Apa gejala-gejala yang dikeluarkan psoriasis pustular?,"Apa tanda-tanda dan gejala Generalized pustular psoriasis? The Human Phenotype Ontology menyediakan daftar tanda-tanda dan gejala berikut untuk Generalized pustular psoriasis. Jika informasi tersedia, tabel di bawah ini termasuk seberapa sering gejala terlihat pada orang dengan kondisi seperti ini."
anxiety,Apakah (adalah) Kecemasan Disorders?,"Kecemasan terkadang adalah bagian normal dari kehidupan. Anda mungkin merasa cemas ketika dihadapkan dengan masalah di tempat kerja, sebelum melakukan tes, atau membuat keputusan penting. Namun, gangguan kecemasan melibatkan lebih dari kekhawatiran sementara atau ketakutan."
high blood pressure,Apa (adalah) paru-paru arteri hipertensi?,"pulmoner hipertensi adalah gangguan progresif ditandai dengan tekanan darah tidak normal (hipertensi) di arteri pulmoner, pembuluh darah yang membawa darah dari jantung ke paru-paru. Hipertensi pulmoner adalah salah satu bentuk kondisi yang lebih luas dikenal sebagai hipertensi paru. Hipertensi pulmoner terjadi ketika sebagian besar arteri yang sangat kecil seluruh paru-paru sempit diameter, yang meningkatkan resistensi terhadap aliran darah melalui paru-paru."
flu,Apa itu Burung Flu?,"Burung, seperti manusia, terkena flu. Virus flu burung menginfeksi burung, termasuk ayam, unggas lainnya, dan burung liar seperti bebek. Kebanyakan virus flu burung hanya bisa menginfeksi burung lainnya."
lupus,Apa gejala Lupus Nephritis?,"Gejala neurritis lupus mungkin termasuk tekanan darah tinggi, foamy urin, dan edemambenger, biasanya di kaki, kaki, atau pergelangan kaki dan kurang sering di tangan atau wajah.

Masalah Ginjal sering berkembang pada saat yang sama atau segera setelah gejala lupus muncul dan dapat mencakup

Rasa sakit atau pembengkakan - sakit otot - demam tanpa sebab diketahui - bergegas merah, sering di wajah, yang juga disebut rashes kupu-kupu karena bentuk mereka"
reflux,Apa gejala dari Vesicoureteral Reflux?,"Dalam banyak kasus, seorang anak dengan VUR tidak memiliki gejala. Ketika gejala yang ada, yang paling umum adalah infeksi saluran kencing (UTI). VUR dapat menyebabkan infeksi karena urin yang tersisa di saluran kencing anak-anak menyediakan tempat bagi bakteri untuk tumbuh."
insomnia,Apakah Insomnia keluarga Fatal diwariskan?,"Bagaimana bisa Insomnia fatal? Insomnia keluarga yang fatal (FFI) adalah warisan dalam cara yang dominan automal. Ini berarti bahwa untuk terpengaruh, seseorang hanya perlu perubahan (mutasi) dalam satu salinan dari gen yang bertanggung jawab di setiap sel."
psoriasis,Apa perawatan untuk Guttat psoriasis?,Bagaimana mungkin guttat psoriasis diperlakukan? Tujuan pengobatan adalah untuk mengontrol gejala dan mencegah infeksi sekunder. Kasus lemak psoriasis biasanya diobati di rumah.
hemorrhoid,Apa gejala Heembehoids?,"Gejala yang paling umum dari wasir internal adalah darah merah terang di bangku, di kertas toilet, atau di toilet setelah gerakan usus. wasir internal yang tidak diprolapsed biasanya tidak menyakitkan. Sembelit sering menyebabkan rasa sakit, ketidaknyamanan, dan gatal anal.

Klemah darah mungkin terbentuk dalam wasir eksternal."
insomnia,Siapa yang beresiko untuk Insomnia?,Insomnia adalah gangguan umum. Ini mempengaruhi wanita lebih sering daripada pria. Gangguan ini bisa terjadi pada usia manapun.
cholesterol,Bagaimana mendiagnosa High Blood Cholesterol?,"Tes darah yang direkomendasikan untuk memeriksa tingkat kolesterol Anda disebut profil lipopotrotein puasa. Ini akan menunjukkan kepada Anda - total kolesterol - low-density lipoprotein (LDL), atau kolesterol yang buruk -- sumber utama penumpukan kolesterol dan penyumbatan di arteri - tinggi-kepadatan lipoprotein (HDL), atau kolesterol baik yang membantu menjaga kolesterol dari membangun arteri Anda - trigliserida - bentuk lain lemak dalam darah Anda. total kolesterol low-density lipopoprotein (LDL), atau kolesterol buruk -- sumber utama penumpukan kolesterol dan penyumbatan pada arteri tinggi-kepadatan lipoprotein (HDL), atau kolesterol baik yang membantu menjaga kolesterol agar tidak membangun dalam trigliserida arteri Anda -- bentuk lain lemak dalam darah Anda."
hemorrhoid,Apa itu Wasir?,"Demamoroid bengkak, meradang pembuluh darah di sekitar anus atau dubur bawah. Mereka baik di dalam anus atau di bawah kulit sekitar anus. Mereka sering hasil dari ketegangan untuk memiliki gerakan usus."
asthma,Apa itu asma alergi?,"Asma adalah gangguan pernapasan yang ditandai dengan peradangan saluran udara dan episode berulang dari kesulitan pernapasan. Episoda ini, kadang-kadang disebut sebagai serangan asma, dipicu oleh iritasi dari lapangan udara meradang. Dalam asma alergi, serangan terjadi ketika zat dikenal sebagai alergi yang menghirup, menyebabkan reaksi alergi."
insomnia,Apa perawatan untuk insomnia kerabat Fatal?,Bagaimana Insomnia keluarga fatal bisa diobati? Saat ini tidak ada obat untuk insomnia keluarga yang fatal atau pengobatan yang dapat memperlambat perkembangan penyakit. Manajemen didasarkan pada meringankan gejala dan membuat orang terpengaruh senyaman mungkin.
high blood pressure,Apa yang menyebabkan Tekanan Darah Tinggi?,Perubahan pada penelitian Fungsi Tubuh terus mempelajari bagaimana berbagai perubahan fungsi tubuh normal menyebabkan tekanan darah tinggi. Fungsi-fungsi kunci yang terkena tekanan darah tinggi termasuk - cairan ginjal dan salt garam - yang renin-angiotsin sistem aldosterone - aktivitas sistem saraf simpatik - struktur pembuluh darah dan fungsi. Cairan ginjal dan garam menyeimbangkan sistem renin- angiotensin aldosterone aktivitas sistem saraf simpatik darah struktur dan fungsi.
allergy,Apakah itu?,Alergi adalah reaksi oleh sistem kekebalan tubuh Anda terhadap sesuatu yang tidak mengganggu kebanyakan orang lain. Orang yang sering alergi sensitif terhadap lebih dari satu hal. Substansi yang sering menyebabkan reaksi adalah Serbuk - Serbuk Debu - Spora Mold
reflux,Apa itu Vesicoureteral Reflux?,"Refluks vesiureteral adalah aliran normal urin dari kandung kemih ke saluran kencing atas. Saluran kencing adalah sistem drainase bodys untuk menghapus limbah dan air ekstra. Saluran urin termasuk dua ginjal, dua saluran pembuangan, kandung kemih, dan urethra."
high blood pressure,Apa gejala paru-paru hipertensi?,"Apa tanda-tanda dan gejala pulmoner arteri hipertensi? Ontologi Phenotype Manusia menyediakan daftar tanda-tanda dan gejala-gejala berikut untuk hypertensi pulmoner. Jika informasi tersedia, tabel di bawah ini termasuk seberapa sering gejala terlihat pada orang dengan kondisi seperti ini."
insomnia,Apa yang menyebabkan Insomnia kerabat Fatal?,Apa yang menyebabkan Insomnia fatal? Fatal familial insomnia (FFI) disebabkan oleh perubahan spesifik (mutasi) dalam gen PRNP. PRNP mengkode protein prion.
psoriasis,Apa yang menyebabkan Psoriasis?,"Meskipun penyebab psoriasis tidak sepenuhnya dipahami, ilmuwan percaya itu terkait dengan masalah dengan jenis sel darah yang disebut sel T. Sel-sel ini biasanya melakukan perjalanan melalui aliran darah untuk membantu melawan infeksi, tetapi dalam orang-orang dengan psoriasis, mereka menyerang sel-sel kulit bodys karena kesalahan. Genes Putar sebuah Peran Tidak ada yang tahu apa yang menyebabkan sel T salah, tapi gen tertentu telah dikaitkan dengan psoriasis."
bronchitis,Apa gejala Bronchitis?,"Acute Bronchitis

Acute bronhitis yang disebabkan oleh infeksi biasanya berkembang setelah Anda sudah memiliki dingin atau flu. Gejala dingin atau flu termasuk sakit tenggorokan, kelelahan (kelelahan), demam, tubuh sakit, sesak atau hidung kembung, muntah, dan diare.

Gejala utama bronkitis akut adalah batuk gigih, yang mungkin berlangsung 10 sampai 20 hari. Batuk dapat menghasilkan lendir jelas (zat berlendir)."
high blood pressure,Bagaimana mendiagnosa Pulmonary Hypertensi?,"Doktermu akan mendiagnosa hipertensi paru (PH) berdasarkan sejarah medis dan keluarga, ujian fisik, dan hasil dari tes dan prosedur.

PH bisa berkembang perlahan. Mungkin kau sudah memilikinya selama bertahun-tahun dan tidak tahu itu. Hal ini karena kondisi tidak memiliki tanda-tanda awal atau gejala.

Ketika gejala terjadi, mereka sering seperti yang lainnya jantung dan kondisi paru-paru, seperti asma."
psoriasis,penelitian apa yang dilakukan untuk Psoriasis?,"Para ilmuwan yang bekerja untuk memahami dan mengobati psoriasis membuat kemajuan di beberapa daerah yang berbeda. Peran dari T Cells Ilmuwan percaya bahwa psoriasis terjadi ketika sel darah putih disebut sel T, yang biasanya membantu melawan infeksi, serangan sel kulit bodys karena kesalahan. Para ilmuwan bekerja untuk memahami apa yang menyebabkan sel-sel untuk pergi goyah pada orang-orang dengan psoriasis."
sinusitis,Apa itu Sinusitis?,Sinusitis berarti sinus Anda meradang. Penyebab bisa infeksi atau masalah lain. Sinus Anda ruang udara berongga dalam tulang sekitarnya hidung.
depression,Siapa yang beresiko depresi?,"Faktor risiko depresi adalah sejarah keluarga, pengalaman hidup, dan lingkungan. Jika Anda mengalami depresi, Anda mungkin telah mengalaminya ketika Anda masih muda, dan mungkin memiliki sejarah keluarga penyakit. Anda mungkin juga mengalami peristiwa kehidupan yang sulit, seperti trauma fisik atau psikologis, kehilangan orang yang dicintai, hubungan yang sulit dengan anggota keluarga atau teman, atau masalah keuangan."
high blood pressure,Apa perubahan genetik terkait dengan paru arteri hipertensi?,"Mutasi dalam gen BMPR2 adalah penyebab genetik paling umum dari arteri paru hipertensi. Gen ini memainkan peran dalam mengatur jumlah sel dalam jaringan tertentu. Peneliti menyarankan bahwa mutasi dalam gen ini mempromosikan divisi sel atau mencegah kematian sel, menghasilkan pertumbuhan yang berlebihan sel dalam arteri kecil di seluruh paru-paru."
vertigo,Apa itu pusing dan Vertigo?,"Ketika Anda pusing, Anda mungkin merasa pusing atau kehilangan keseimbangan Anda. Jika Anda merasa bahwa ruangan berputar, Anda memiliki vertigo. Tekanan darah mendadak turun atau dehidrasi bisa membuatmu pusing."
allergy,Apakah Alergi Makanan?,"Alergi makanan adalah respon abnormal terhadap makanan yang dipicu oleh sistem kekebalan tubuh Anda. Di orang dewasa, makanan yang sering memicu reaksi alergi termasuk ikan, kerang, kacang, dan kacang pohon, seperti kacang kenari. Masalah makanan untuk anak-anak dapat termasuk telur, susu, kacang, kacang pohon, kedelai, dan gandum."
anxiety,Apa gejala Gangguan Kecemasan?,"Excessive, Irrasional Fear Setiap gangguan kecemasan memiliki gejala yang berbeda, tapi semua gejala cluster sekitar berlebihan, irasional ketakutan dan ketakutan. Tidak seperti kecemasan ringan, singkat yang disebabkan oleh peristiwa tertentu (seperti berbicara di depan umum atau kencan pertama), kecemasan yang parah yang berlangsung setidaknya enam bulan dianggap sebagai masalah yang mungkin menguntungkan dari evaluasi dan pengobatan. Gangguan kecemasan biasanya terjadi bersama dengan penyakit mental atau fisik lainnya, termasuk alkohol atau penyalahgunaan zat, yang mungkin menutupi gejala kecemasan atau membuatnya lebih buruk."
psoriasis,Apa itu Guttat psoriasis?,"Guttat psoriasis adalah kondisi kulit di mana kecil, merah, dan noda berbentuk sisik muncul di lengan, kaki, dan tengah tubuh. Ini adalah bentuk relatif jarang psoriasis. Kondisi ini sering berkembang secara tiba-tiba, dan biasanya dipicu oleh infeksi virus lainnya)."
insomnia,Apa gejala Fatal familial insomnia?,"Apa tanda-tanda dan gejala Fatal familial insomnia? Tanda-tanda dan gejala-gejala pertama dari insomnia keluarga yang fatal (FFI) umumnya berkembang di paruh baya (40-50) dan mungkin termasuk insomnia yang memburuk dari waktu ke waktu dan mimpi yang jelas ketika tidur tercapai. Sebagai penyakit berkembang dan mengganggu sistem saraf otonom (bagian dari sistem saraf yang mengontrol tindakan yang tidak disengaja), mempengaruhi orang-orang yang mengalami: Episoda tekanan darah yang meningkat dari hyperventilasi Mencabik-cabik secara seksual dan / atau disfungsi saluran urinary Perubahan dalam suhu tubuh basal Diaktifkan kemampuan untuk menatap ke atas Gerak mata Berlapis-mata Dua dysarthria Banyak orang juga mengembangkan atasia dan ketidakmampuan bergerak-gerak tengah) yang ditandai oleh dentang, gerak-gerik, dan gerak kaki yang tak stabil (tidak stabil) dan gerakan tubuh dan berjalan, dan gerakan kaki yang tak stabil, dan berjalan, dan berjalan, dan tak stabil, dan berjalan, dan gerakan kaki yang tak stabil,"
anxiety,Bagaimana mendiagnosa Gangguan Kecemasan?,"Gangguan kecemasan kadang-kadang berjalan dalam keluarga, tapi tidak ada yang tahu pasti mengapa beberapa orang memilikinya sementara yang lain tidak. Gangguan kecemasan lebih umum di antara orang dewasa muda daripada orang dewasa dewasa, dan mereka biasanya mulai di kehidupan awal. Namun, siapa pun dapat mengembangkan gangguan kecemasan setiap saat."
measles,Apa itu campak?,Campak adalah penyakit menular yang disebabkan oleh virus. Ini menyebar dengan mudah dari orang ke orang. Ini menyebabkan ruam merah blotchy.
high blood pressure,Apa perawatan untuk Pulmoner Hypertensi?,"Hipertensi pulmoner (PH) tidak memiliki obat. Namun, pengobatan dapat membantu meringankan gejala dan memperlambat perkembangan penyakit.

PH diperlakukan dengan obat-obatan, prosedur, dan terapi lainnya. Perawatan akan tergantung pada jenis PH apa yang Anda miliki dan parahnya."
asthma,Berapa banyak orang yang terkena alergi asma?,"Sekitar 235 juta orang di seluruh dunia menderita asma. Di Amerika Serikat, kondisinya mempengaruhi 8 persen populasi. Pada hampir 90 persen anak-anak dan 50 persen orang dewasa dengan asma, kondisinya diklasifikasikan sebagai alergi asma."
bronchitis,Apa itu Bronchitis?,"Espaol

Bronchitis (bronkidtis) adalah kondisi di mana tabung bronkial menjadi meradang. Tabung ini membawa udara ke paru-parumu. (Untuk informasi lebih lanjut tentang tabung bronkial dan saluran udara, pergi ke Penyakit dan Kondisi Indeks Bagaimana artikel Lungs Work.)

Orang yang menderita bronchitis sering batuk yang membawa lendir."
gout,asam urat tinggi nyeri sendi jempol kaki,"Gout (asam urat) adalah radang sendi akibat penumpukan kristal asam urat, gejala khas: nyeri mendadak dan hebat di sendi (sering jempol kaki), bengkak, merah, dan terasa panas. Serangan sering muncul malam hari, dipicu makanan tinggi purin (jeroan, seafood, alkohol)."
gout,cara mengatasi dan mencegah asam urat,"Penanganan asam urat: hindari makanan tinggi purin (jeroan, seafood, alkohol terutama bir), perbanyak minum air putih, konsumsi obat penurun asam urat (allopurinol) sesuai resep dokter, dan obat antiinflamasi untuk serangan akut."
allergy,gejala alergi gatal bentol ruam kulit,"Gejala alergi bervariasi tergantung pemicu: gatal, bentol (urtikaria), ruam merah pada kulit, bersin dan hidung tersumbat, mata gatal dan berair. Reaksi berat (anafilaksis) seperti sesak napas mendadak dan bengkak wajah adalah kondisi darurat."
allergy,cara mengatasi alergi antihistamin,"Penanganan alergi ringan-sedang: hindari pemicu (alergen) begitu diketahui, gunakan antihistamin (cetirizine, loratadine) untuk gatal/bentol, kompres dingin pada kulit yang gatal. Alergi berat butuh penanganan medis segera."
chickenpox,gejala cacar air varicella bintik berair,"Cacar air (varicella) ditandai ruam kemerahan yang berkembang jadi bintik berisi cairan (lepuh), gatal, menyebar ke seluruh tubuh, disertai demam ringan. Sangat menular lewat udara/kontak langsung."
chickenpox,cara mengatasi cacar air pada anak,"Penanganan cacar air: istirahat total dan isolasi mandiri, jaga kebersihan kulit dan potong kuku agar tidak digaruk, gunakan bedak calamine atau obat gatal sesuai anjuran, paracetamol untuk demam. Vaksinasi bisa mencegah penyakit ini."
